Date,Open,High,Low,Close,Adj Close
2/8/2012,60450,60450,60450,60450,60450
2/9/2012,61962.5,66700,61962.5,62125,62125
2/10/2012,63612.5,63675,63612.5,63675,63675
2/13/2012,63675,63675,63675,63675,63675
2/14/2012,65775,66200,65775,66200,66200
2/15/2012,58887.5,61237.5,58887.5,61237.5,61237.5
2/16/2012,65887.5,70750,65887.5,70750,70750
2/17/2012,71012.5,76812.5,70662.5,75000,75000
2/21/2012,69637.5,69637.5,69637.5,69637.5,69637.5
2/22/2012,65850,65850,65850,65850,65850
2/23/2012,70700,70700,68362.5,68362.5,68362.5
2/24/2012,64937.5,64962.5,64475,64750,64750
2/27/2012,66400,66400,58737.5,58925,58925
2/28/2012,53275,54500,53275,53750,53750
2/29/2012,52562.5,58550,52562.5,58550,58550
3/1/2012,53100,53112.5,48550,48637.5,48637.5
3/2/2012,49662.5,50212.5,49025,49025,49025
3/5/2012,43587.5,44012.5,42187.5,42362.5,42362.5
3/6/2012,43625,43625,41937.5,41937.5,41937.5
3/7/2012,38337.5,40075,38337.5,40075,40075
3/8/2012,39000,39037.5,36250,39037.5,39037.5
3/9/2012,43062.5,43062.5,37987.5,40337.5,40337.5
3/12/2012,37262.5,37437.5,35962.5,37250,37250
3/13/2012,36087.5,41700,35200,40300,40300
3/14/2012,40300,41050,38750,39387.5,39387.5
3/15/2012,38550,41362.5,38550,38650,38650
3/16/2012,40775,41362.5,40375,41175,41175
3/19/2012,39862.5,42550,39862.5,41850,41850
3/20/2012,41125,41875,40912.5,40912.5,40912.5
3/21/2012,39612.5,40962.5,39212.5,40812.5,40812.5
3/22/2012,40250,40250,36875,36900,36900
3/23/2012,39375,39387.5,37062.5,37312.5,37312.5
3/26/2012,35225,35937.5,34287.5,34287.5,34287.5
3/27/2012,33462.5,33575,32812.5,33575,33575
3/28/2012,33012.5,33962.5,32325,32937.5,32937.5
3/29/2012,31537.5,31537.5,26662.5,27562.5,27562.5
3/30/2012,27587.5,27587.5,26150,26150,26150
4/2/2012,25212.5,27750,25212.5,27400,27400
4/3/2012,27537.5,29187.5,27500,28150,28150
4/4/2012,28062.5,28862.5,26612.5,26700,26700
4/5/2012,26450,26450,24662.5,24962.5,24962.5
4/9/2012,25275,25812.5,24825,25812.5,25812.5
4/10/2012,24425,24425,22750,22750,22750
4/11/2012,23000,23162.5,21250,21312.5,21312.5
4/12/2012,21225,23050,20875,21212.5,21212.5
4/13/2012,21362.5,21375,20725,21175,21175
4/16/2012,21625,22637.5,20987.5,21637.5,21637.5
4/17/2012,20837.5,20900,19837.5,19837.5,19837.5
4/18/2012,20162.5,20525,19537.5,19537.5,19537.5
4/19/2012,19300,19312.5,18250,18300,18300
4/20/2012,18500,18875,18287.5,18725,18725
4/23/2012,19462.5,21600,19225,21525,21525
4/24/2012,20975,21075,19862.5,20162.5,20162.5
4/25/2012,21500,23837.5,20762.5,23412.5,23412.5
4/26/2012,24837.5,26887.5,21662.5,21825,21825
4/27/2012,22612.5,23950,22462.5,23950,23950
4/30/2012,22837.5,27187.5,22800,27050,27050
5/1/2012,28125,30037.5,27262.5,29550,29550
5/2/2012,28925,28937.5,25025,25700,25700
5/3/2012,27587.5,29612.5,27362.5,28150,28150
5/4/2012,26587.5,27200,25625,26537.5,26537.5
5/7/2012,27912.5,28175,27175,28037.5,28037.5
5/8/2012,26150,34000,26100,31962.5,31962.5
5/9/2012,31362.5,34375,31187.5,32425,32425
5/10/2012,32862.5,34887.5,30800,33062.5,33062.5
5/11/2012,33125,34525,32437.5,34175,34175
5/14/2012,32912.5,33137.5,30637.5,30750,30750
5/15/2012,33125,33725,32062.5,33600,33600
5/16/2012,34987.5,38737.5,34987.5,38737.5,38737.5
5/17/2012,37350,40437.5,33675,39412.5,39412.5
5/18/2012,39975,44362.5,39875,42475,42475
5/21/2012,39912.5,40587.5,36725,37900,37900
5/22/2012,39625,42037.5,39525,40537.5,40537.5
5/23/2012,39275,42387.5,38825,41637.5,41637.5
5/24/2012,41662.5,42187.5,37512.5,38000,38000
5/25/2012,36237.5,36437.5,32950,34162.5,34162.5
5/29/2012,33200,33937.5,28687.5,29525,29525
5/30/2012,27687.5,28300,26050,27100,27100
5/31/2012,26062.5,29312.5,25887.5,26525,26525
6/1/2012,25000,25100,23337.5,23700,23700
6/4/2012,25550,26912.5,25062.5,26912.5,26912.5
6/5/2012,28237.5,28262.5,26525,26862.5,26862.5
6/6/2012,27112.5,28250,25912.5,26612.5,26612.5
6/7/2012,25925,26062.5,21500,21862.5,21862.5
6/8/2012,22000,22825,21800,22362.5,22362.5
6/11/2012,21087.5,21862.5,19475,19687.5,19687.5
6/12/2012,20750,21487.5,20075,20100,20100
6/13/2012,19912.5,20737.5,19150,19450,19450
6/14/2012,19862.5,27912.5,19637.5,27825,27825
6/15/2012,25950,27087.5,25587.5,26125,26125
6/18/2012,27587.5,31537.5,27000,31375,31375
6/19/2012,28775,29862.5,26450,28175,28175
6/20/2012,29400,29400,26500,27200,27200
6/21/2012,27437.5,30762.5,27375,29150,29150
6/22/2012,28950,31637.5,28912.5,30687.5,30687.5
6/25/2012,32975,33562.5,31987.5,32025,32025
6/26/2012,32875,35962.5,32025,35875,35875
6/27/2012,39912.5,40375,34762.5,34887.5,34887.5
6/28/2012,35462.5,36062.5,30575,34062.5,34062.5
6/29/2012,33075,36300,32287.5,36112.5,36112.5
7/2/2012,33850,37025,33662.5,36387.5,36387.5
7/3/2012,36700,37875,36650,37800,37800
7/5/2012,40075,40875,38662.5,40537.5,40537.5
7/6/2012,40587.5,43787.5,32975,34037.5,34037.5
7/9/2012,36150,37875,36125,37775,37775
7/10/2012,35037.5,35500,31900,32275,32275
7/11/2012,33587.5,35962.5,33062.5,35750,35750
7/12/2012,34912.5,38400,31250,36912.5,36912.5
7/13/2012,35550,38187.5,35550,36937.5,36937.5
7/16/2012,36512.5,36750,33412.5,34162.5,34162.5
7/17/2012,33750,35287.5,33650,33862.5,33862.5
7/18/2012,35900,39887.5,35550,39200,39200
7/19/2012,39212.5,42425,38200,41700,41700
7/20/2012,43362.5,45137.5,41287.5,44962.5,44962.5
7/23/2012,43212.5,46750,43075,45750,45750
7/24/2012,47337.5,49625,46250,48200,48200
7/25/2012,47437.5,47937.5,42900,43612.5,43612.5
7/26/2012,44962.5,45662.5,41550,45000,45000
7/27/2012,42362.5,43412.5,40437.5,42575,42575
7/30/2012,47675,50700,47662.5,49462.5,49462.5
7/31/2012,49687.5,53000,47450,50475,50475
8/1/2012,47075,51262.5,45887.5,47775,47775
8/2/2012,44937.5,45000,36412.5,36937.5,36937.5
8/3/2012,36437.5,37900,34850,35475,35475
8/6/2012,34687.5,36762.5,33100,36487.5,36487.5
8/7/2012,36637.5,39375,36637.5,38250,38250
8/8/2012,36925,38112.5,35912.5,37325,37325
8/9/2012,36250,43862.5,36187.5,36237.5,36237.5
8/10/2012,33887.5,33937.5,30950,31625,31625
8/13/2012,30987.5,31762.5,29875,30187.5,30187.5
8/14/2012,30737.5,33562.5,30687.5,32787.5,32787.5
8/15/2012,31712.5,31787.5,30012.5,30625,30625
8/16/2012,30875,32500,28487.5,29400,29400
8/17/2012,29937.5,30650,29237.5,30050,30050
8/20/2012,30287.5,31375,29200,31025,31025
8/21/2012,31712.5,32812.5,28562.5,32087.5,32087.5
8/22/2012,32300,33675,31037.5,33412.5,33412.5
8/23/2012,32662.5,32912.5,27937.5,32500,32500
8/24/2012,31537.5,32212.5,28225,28312.5,28312.5
8/27/2012,28675,29037.5,26225,26375,26375
8/28/2012,26612.5,27037.5,25075,25187.5,25187.5
8/29/2012,25487.5,27212.5,25362.5,26787.5,26787.5
8/30/2012,27125,29162.5,25500,28812.5,28812.5
8/31/2012,28500,30500,28375,30087.5,30087.5
9/4/2012,31762.5,33000,31225,31650,31650
9/5/2012,30612.5,31525,29562.5,30062.5,30062.5
9/6/2012,29425,32125,29112.5,29212.5,29212.5
9/7/2012,26675,27600,26187.5,26737.5,26737.5
9/10/2012,27375,30987.5,26912.5,30612.5,30612.5
9/11/2012,34225,36225,33187.5,36012.5,36012.5
9/12/2012,35000,38762.5,34512.5,38325,38325
9/13/2012,37362.5,38225,34875,37137.5,37137.5
9/14/2012,34662.5,36250,33637.5,35100,35100
9/17/2012,32487.5,33287.5,32137.5,32675,32675
9/18/2012,33575,34025,30225,30787.5,30787.5
9/19/2012,31987.5,32500,29875,30850,30850
9/20/2012,30912.5,31337.5,30187.5,31112.5,31112.5
9/21/2012,31812.5,34250,31812.5,33687.5,33687.5
9/24/2012,32500,33887.5,31712.5,33137.5,33137.5
9/25/2012,33475,35487.5,33312.5,35300,35300
9/26/2012,36075,38962.5,35937.5,37887.5,37887.5
9/27/2012,40287.5,42437.5,38662.5,41075,41075
9/28/2012,40537.5,42987.5,39950,42525,42525
10/1/2012,46350,49037.5,46200,48375,48375
10/2/2012,46950,51112.5,46025,50262.5,50262.5
10/3/2012,45500,47212.5,43137.5,46087.5,46087.5
10/4/2012,46412.5,47687.5,44137.5,45687.5,45687.5
10/5/2012,44950,45875,42775,44875,44875
10/8/2012,43462.5,46450,43362.5,45462.5,45462.5
10/9/2012,44062.5,49412.5,43450,48325,48325
10/10/2012,48125,49750,46725,48487.5,48487.5
10/11/2012,50000,53962.5,49200,53937.5,53937.5
10/12/2012,51350,52400,50550,51575,51575
10/15/2012,47712.5,48837.5,46250,47937.5,47937.5
10/16/2012,47800,48062.5,46312.5,47987.5,47987.5
10/17/2012,48850,50562.5,48600,49412.5,49412.5
10/18/2012,48687.5,53225,47350,52987.5,52987.5
10/19/2012,53675,55750,53287.5,53650,53650
10/22/2012,54100,54500,47125,47500,47500
10/23/2012,48637.5,51412.5,48550,50425,50425
10/24/2012,50200,50200,46862.5,47400,47400
10/25/2012,47337.5,49037.5,45075,47175,47175
10/26/2012,46387.5,46650,44412.5,45337.5,45337.5
10/31/2012,46625,46812.5,44212.5,44387.5,44387.5
11/1/2012,44775,45437.5,43037.5,43775,43775
11/2/2012,41700,42562.5,38937.5,39050,39050
11/5/2012,39612.5,40500,39062.5,39587.5,39587.5
11/6/2012,39825,41550,39537.5,41075,41075
11/7/2012,40000,40750,39387.5,39875,39875
11/8/2012,38687.5,41250,38562.5,40687.5,40687.5
11/9/2012,39137.5,39212.5,36962.5,37600,37600
11/12/2012,38362.5,40287.5,37525,39625,39625
11/13/2012,43175,45175,42925,44875,44875
11/14/2012,45437.5,47837.5,44412.5,45250,45250
11/15/2012,45712.5,47812.5,43025,43125,43125
11/16/2012,44575,46712.5,44312.5,46337.5,46337.5
11/19/2012,45300,46787.5,43737.5,44275,44275
11/20/2012,45000,48000,45000,47600,47600
11/21/2012,47050,50712.5,47050,50500,50500
11/23/2012,48862.5,51250,48625,50775,50775
11/26/2012,45062.5,45887.5,43750,45212.5,45212.5
11/27/2012,44200,45625,43937.5,45137.5,45137.5
11/28/2012,42225,42587.5,40187.5,42562.5,42562.5
11/29/2012,40137.5,40475,37025,37275,37275
11/30/2012,37750,38100,34187.5,35025,35025
12/3/2012,35025,36500,34575,35425,35425
12/4/2012,34325,35337.5,33825,34025,34025
12/5/2012,35625,38987.5,35312.5,37900,37900
12/6/2012,37512.5,40000,35625,36687.5,36687.5
12/7/2012,36787.5,37950,33737.5,34000,34000
12/10/2012,31212.5,31887.5,30062.5,30975,30975
12/11/2012,31000,31537.5,29537.5,30037.5,30037.5
12/12/2012,29725,30675,28850,29625,29625
12/13/2012,28100,29437.5,27112.5,28350,28350
12/14/2012,27350,29025,26750,27712.5,27712.5
12/17/2012,28687.5,29375,27750,28487.5,28487.5
12/18/2012,29850,31012.5,29100,29512.5,29512.5
12/19/2012,27250,28587.5,26875,28100,28100
12/20/2012,29537.5,31287.5,28950,30762.5,30762.5
12/21/2012,31375,32075,30062.5,30562.5,30562.5
12/24/2012,28537.5,28962.5,28062.5,28350,28350
12/26/2012,28550,29387.5,28437.5,28437.5,28437.5
12/27/2012,27725,29137.5,27412.5,28612.5,28612.5
12/28/2012,30612.5,30687.5,29525,29937.5,29937.5
12/31/2012,28212.5,28400,26950,27337.5,27337.5
1/2/2013,24375,24800,23025,24437.5,24437.5
1/3/2013,23112.5,24337.5,22875,23325,23325
1/4/2013,24650,25687.5,24262.5,25150,25150
1/7/2013,26575,26875,24312.5,25025,25025
1/8/2013,24250,25050,23550,24125,24125
1/9/2013,22375,22875,21025,21775,21775
1/10/2013,22062.5,23500,21950,23037.5,23037.5
1/11/2013,24762.5,26237.5,24387.5,25800,25800
1/14/2013,27300,27875,26762.5,26887.5,26887.5
1/15/2013,26900,28875,26162.5,28312.5,28312.5
1/16/2013,28350,28687.5,26537.5,28262.5,28262.5
1/17/2013,27962.5,30637.5,27462.5,29600,29600
1/18/2013,30137.5,31875,29625,31737.5,31737.5
1/22/2013,31787.5,32250,30000,31250,31250
1/23/2013,30775,32000,30437.5,31287.5,31287.5
1/24/2013,31537.5,32187.5,28500,29175,29175
1/25/2013,29175,29675,28212.5,29012.5,29012.5
1/28/2013,25387.5,25925,24750,24837.5,24837.5
1/29/2013,23925,24825,23612.5,24025,24025
1/30/2013,24612.5,25750,24212.5,25537.5,25537.5
1/31/2013,25075,26912.5,23450,25550,25550
2/1/2013,25962.5,26750,24312.5,24712.5,24712.5
2/4/2013,24525,25962.5,24512.5,25175,25175
2/5/2013,25662.5,27650,25200,27287.5,27287.5
2/6/2013,28000,28412.5,27337.5,27962.5,27962.5
2/7/2013,27312.5,27725,24262.5,24562.5,24562.5
2/8/2013,24787.5,25200,23800,23800,23800
2/11/2013,22975,24475,22875,24200,24200
2/12/2013,24262.5,24537.5,22925,23462.5,23462.5
2/13/2013,23800,24987.5,23662.5,24325,24325
2/14/2013,23837.5,24175,21025,21737.5,21737.5
2/15/2013,21900,22100,21137.5,21487.5,21487.5
2/19/2013,22937.5,23625,22725,23387.5,23387.5
2/20/2013,23750,23975,23175,23487.5,23487.5
2/21/2013,23000,24362.5,22362.5,22850,22850
2/22/2013,23137.5,23937.5,22687.5,23562.5,23562.5
2/25/2013,26037.5,26662.5,25250,26312.5,26312.5
2/26/2013,26237.5,26750,25587.5,25937.5,25937.5
2/27/2013,26887.5,28375,25187.5,25350,25350
2/28/2013,25875,27312.5,25000,26787.5,26787.5
3/1/2013,26762.5,27612.5,25825,26250,26250
3/4/2013,27087.5,28000,26750,27887.5,27887.5
3/5/2013,28750,29312.5,27387.5,27725,27725
3/6/2013,27462.5,28075,26237.5,26712.5,26712.5
3/7/2013,27050,29437.5,27000,28850,28850
3/8/2013,28912.5,30200,28862.5,30175,30175
3/11/2013,29450,30550,29387.5,30312.5,30312.5
3/12/2013,30562.5,30937.5,29850,30125,30125
3/13/2013,31150,31650,30725,31275,31275
3/14/2013,32712.5,35000,32550,34912.5,34912.5
3/15/2013,36562.5,37500,35150,35525,35525
3/18/2013,38012.5,38650,35675,36037.5,36037.5
3/19/2013,36837.5,38712.5,36675,38350,38350
3/20/2013,37287.5,38500,36475,37812.5,37812.5
3/21/2013,38912.5,40137.5,36387.5,37312.5,37312.5
3/22/2013,39462.5,39475,37037.5,37600,37600
3/25/2013,38800,38850,35450,35625,35625
3/26/2013,36262.5,38500,35750,38275,38275
3/27/2013,40000,41587.5,39537.5,41025,41025
3/28/2013,39800,41850,37725,38900,38900
4/1/2013,37625,39787.5,37562.5,39500,39500
4/2/2013,37787.5,38375,36937.5,37487.5,37487.5
4/3/2013,37150,37650,35625,35825,35825
4/4/2013,36412.5,37587.5,34600,36850,36850
4/5/2013,40000,42225,39200,41937.5,41937.5
4/8/2013,42325,43600,39575,40675,40675
4/9/2013,40175,40175,38437.5,39100,39100
4/10/2013,41037.5,42862.5,40262.5,40750,40750
4/11/2013,40750,43662.5,39600,42550,42550
4/12/2013,44137.5,45725,43675,45437.5,45437.5
4/15/2013,45575,45700,41450,42275,42275
4/16/2013,42150,43475,40175,43475,43475
4/17/2013,43625,44250,42187.5,43925,43925
4/18/2013,43962.5,50812.5,42750,49975,49975
4/19/2013,49200,50437.5,48637.5,50237.5,50237.5
4/22/2013,47000,47137.5,45250,45675,45675
4/23/2013,45987.5,47212.5,44300,44525,44525
4/24/2013,45900,45900,42400,42675,42675
4/25/2013,41825,44962.5,41725,42050,42050
4/26/2013,42000,44150,39037.5,43662.5,43662.5
4/29/2013,45525,48312.5,45287.5,47925,47925
4/30/2013,47850,48375,45987.5,46525,46525
5/1/2013,46775,49750,45725,45900,45900
5/2/2013,45725,45725,36362.5,37225,37225
5/3/2013,36487.5,37637.5,35937.5,37012.5,37012.5
5/6/2013,35837.5,37300,35312.5,36525,36525
5/7/2013,35475,35562.5,33575,34062.5,34062.5
5/8/2013,34850,35312.5,34062.5,35125,35125
5/9/2013,34650,36162.5,32500,34987.5,34987.5
5/10/2013,34962.5,35662.5,33212.5,33312.5,33312.5
5/13/2013,34212.5,34887.5,33300,33637.5,33637.5
5/14/2013,35212.5,36100,34862.5,35800,35800
5/15/2013,36337.5,37425,36337.5,37425,37425
5/16/2013,36300,36412.5,33125,33900,33900
5/17/2013,33812.5,37687.5,33787.5,36775,36775
5/20/2013,39075,39200,37050,37612.5,37612.5
5/21/2013,39512.5,40837.5,39400,40437.5,40437.5
5/22/2013,39987.5,40437.5,39350,40037.5,40037.5
5/23/2013,39725,42600,39462.5,42125,42125
5/24/2013,41700,41962.5,41225,41650,41650
5/28/2013,39300,40925,38750,39675,39675
5/29/2013,38462.5,39062.5,36925,38450,38450
5/30/2013,37500,37600,34225,34487.5,34487.5
5/31/2013,34612.5,35062.5,33625,33625,33625
6/3/2013,33537.5,34650,33037.5,33525,33525
6/4/2013,33712.5,34350,33537.5,33562.5,33562.5
6/5/2013,33300,34125,33237.5,33762.5,33762.5
6/6/2013,31925,32087.5,29350,30037.5,30037.5
6/7/2013,29437.5,29925,29287.5,29387.5,29387.5
6/10/2013,29575,30212.5,28250,28762.5,28762.5
6/11/2013,28050,28262.5,26937.5,27112.5,27112.5
6/12/2013,27475,28362.5,27375,28125,28125
6/13/2013,27162.5,29775,27037.5,29125,29125
6/14/2013,28300,28387.5,27162.5,27362.5,27362.5
6/17/2013,29062.5,30762.5,28937.5,30450,30450
6/18/2013,30700,31937.5,30000,31025,31025
6/19/2013,32187.5,32687.5,31775,32000,32000
6/20/2013,30550,31862.5,29062.5,30325,30325
6/21/2013,29700,29800,27637.5,28250,28250
6/24/2013,28025,28275,26887.5,27100,27100
6/25/2013,26850,26850,25100,25375,25375
6/26/2013,25862.5,26750,25187.5,26537.5,26537.5
6/27/2013,25787.5,26287.5,22637.5,23350,23350
6/28/2013,23050,23687.5,22137.5,23012.5,23012.5
7/1/2013,23312.5,23675,22337.5,23112.5,23112.5
7/2/2013,23537.5,24675,23337.5,24512.5,24512.5
7/3/2013,22975,24712.5,22975,24050,24050
7/5/2013,23550,24000,22937.5,23750,23750
7/8/2013,26000,26612.5,25550,25800,25800
7/9/2013,25400,25550,23812.5,24637.5,24637.5
7/10/2013,25712.5,25737.5,24100,24750,24750
7/11/2013,23975,25337.5,22812.5,23625,23625
7/12/2013,24362.5,25025,23962.5,24112.5,24112.5
7/15/2013,24175,24825,22137.5,24550,24550
7/16/2013,23875,25537.5,23662.5,24850,24850
7/17/2013,24300,24312.5,23362.5,23812.5,23812.5
7/18/2013,24950,27812.5,24750,27225,27225
7/19/2013,26550,27300,26250,26887.5,26887.5
7/22/2013,24050,24837.5,23812.5,24775,24775
7/23/2013,25937.5,26225,25550,25775,25775
7/24/2013,25762.5,26662.5,24837.5,25150,25150
7/25/2013,25712.5,26062.5,23812.5,24025,24025
7/26/2013,23275,23275,22062.5,22437.5,22437.5
7/29/2013,20187.5,20900,19700,20775,20775
7/30/2013,20412.5,20775,19600,20050,20050
7/31/2013,20337.5,20425,19625,19937.5,19937.5
8/1/2013,19937.5,19937.5,18250,19062.5,19062.5
8/2/2013,19137.5,19237.5,18262.5,18350,18350
8/5/2013,18412.5,18562.5,17737.5,18250,18250
8/6/2013,18237.5,18337.5,17762.5,17850,17850
8/7/2013,17200,17237.5,16600,16762.5,16762.5
8/8/2013,16700,17975,14987.5,17725,17725
8/9/2013,17537.5,17875,16275,16450,16450
8/12/2013,17812.5,18375,17462.5,17550,17550
8/13/2013,17012.5,17862.5,16962.5,17637.5,17637.5
8/14/2013,18212.5,18612.5,17987.5,18125,18125
8/15/2013,17825,19450,17825,19275,19275
8/16/2013,18675,18912.5,18450,18575,18575
8/19/2013,20400,20575,19750,19762.5,19762.5
8/20/2013,20225,20662.5,19537.5,19675,19675
8/21/2013,20325,20387.5,20012.5,20112.5,20112.5
8/22/2013,20650,21750,20600,21312.5,21312.5
8/23/2013,20975,21150,20437.5,20625,20625
8/26/2013,21200,21250,20450,20900,20900
8/27/2013,20000,21575,19950,21525,21525
8/28/2013,21087.5,21700,20400,21550,21550
8/29/2013,22512.5,22812.5,20350,22275,22275
8/30/2013,22025,22562.5,21362.5,22075,22075
9/3/2013,23000,23375,22637.5,23100,23100
9/4/2013,23100,23525,22662.5,23350,23350
9/5/2013,23875,23962.5,21187.5,21450,21450
9/6/2013,20875,21225,20400,20562.5,20562.5
9/9/2013,21637.5,22175,21087.5,21975,21975
9/10/2013,21475,21587.5,20750,21412.5,21412.5
9/11/2013,21325,22062.5,20500,21150,21150
9/12/2013,21012.5,22850,20900,22462.5,22462.5
9/13/2013,22025,23375,22000,23050,23050
9/16/2013,22912.5,24462.5,22875,24262.5,24262.5
9/17/2013,24787.5,24812.5,23987.5,24150,24150
9/18/2013,23875,24150,23087.5,23925,23925
9/19/2013,24275,25750,23125,23712.5,23712.5
9/20/2013,23100,23462.5,22750,23375,23375
9/23/2013,22487.5,22950,21662.5,21775,21775
9/24/2013,21200,21212.5,19625,19912.5,19912.5
9/25/2013,20000,20350,19412.5,19600,19600
9/26/2013,18875,20112.5,18075,19875,19875
9/27/2013,19337.5,20462.5,19250,20200,20200
9/30/2013,19262.5,19825,18812.5,19550,19550
10/1/2013,20250,21187.5,20125,20437.5,20437.5
10/2/2013,20825,20887.5,19250,19300,19300
10/3/2013,19387.5,19437.5,18525,18750,18750
10/4/2013,19062.5,19162.5,18350,18825,18825
10/7/2013,20362.5,21125,20112.5,20700,20700
10/8/2013,21825,22312.5,21637.5,22175,22175
10/9/2013,21800,22087.5,21387.5,21625,21625
10/10/2013,22512.5,23312.5,22112.5,22400,22400
10/11/2013,22737.5,23200,22687.5,23162.5,23162.5
10/14/2013,23850,23862.5,22737.5,23687.5,23687.5
10/15/2013,23812.5,23912.5,23000,23412.5,23412.5
10/16/2013,23887.5,24337.5,22450,22587.5,22587.5
10/17/2013,22112.5,22525,21950,22500,22500
10/18/2013,21825,22862.5,21300,22525,22525
10/21/2013,22487.5,22587.5,20562.5,20825,20825
10/22/2013,20087.5,20500,19250,19462.5,19462.5
10/23/2013,19687.5,20075,19462.5,19787.5,19787.5
10/24/2013,19062.5,20200,18687.5,20112.5,20112.5
10/25/2013,20425,21250,20362.5,21125,21125
10/28/2013,18975,19237.5,18500,18575,18575
10/29/2013,18262.5,18687.5,17762.5,18175,18175
10/30/2013,18237.5,18400,17750,18000,18000
10/31/2013,17925,18000,17037.5,17337.5,17337.5
11/1/2013,16487.5,16750,16275,16437.5,16437.5
11/4/2013,15162.5,15450,14900,15425,15425
11/5/2013,15062.5,15925,14975,15862.5,15862.5
11/6/2013,15875,16737.5,15687.5,16137.5,16137.5
11/7/2013,17387.5,17550,16125,16350,16350
11/8/2013,16625,17287.5,16537.5,16987.5,16987.5
11/11/2013,17187.5,17287.5,16662.5,17037.5,17037.5
11/12/2013,17750,18150,17600,18000,18000
11/13/2013,17487.5,17887.5,16825,16950,16950
11/14/2013,16150,17775,15950,17575,17575
11/15/2013,17812.5,18312.5,17450,18087.5,18087.5
11/18/2013,18375,18562.5,17550,17600,17600
11/19/2013,17700,17787.5,16675,16687.5,16687.5
11/20/2013,17850,18350,17375,18225,18225
11/21/2013,18612.5,19187.5,18200,18562.5,18562.5
11/22/2013,19537.5,19925,19375,19837.5,19837.5
11/25/2013,20437.5,20575,19562.5,20237.5,20237.5
11/26/2013,20250,20687.5,19312.5,20525,20525
11/27/2013,20562.5,21375,20450,21137.5,21137.5
11/29/2013,21412.5,21962.5,21200,21500,21500
12/2/2013,21375,22625,21237.5,22112.5,22112.5
12/3/2013,22250,23025,21812.5,22212.5,22212.5
12/4/2013,22575,22962.5,22012.5,22162.5,22162.5
12/5/2013,22550,25175,22425,24975,24975
12/6/2013,25512.5,26162.5,24425,24887.5,24887.5
12/9/2013,26025,26975,25700,26787.5,26787.5
12/10/2013,27500,27562.5,26100,27012.5,27012.5
12/11/2013,26812.5,28837.5,26437.5,28800,28800
12/12/2013,30112.5,30412.5,28100,29412.5,29412.5
12/13/2013,29475,30912.5,29025,29762.5,29762.5
12/16/2013,27487.5,28500,27125,27500,27500
12/17/2013,27375,28850,26337.5,27975,27975
12/18/2013,28362.5,28637.5,27450,27962.5,27962.5
12/19/2013,29250,31862.5,28625,31162.5,31162.5
12/20/2013,31125,32387.5,30862.5,31337.5,31337.5
12/23/2013,32725,33125,32112.5,32550,32550
12/24/2013,31400,31725,30512.5,31400,31400
12/26/2013,30937.5,32175,30200,31537.5,31537.5
12/27/2013,30062.5,30662.5,28712.5,28750,28750
12/30/2013,30962.5,31112.5,29950,30437.5,30437.5
12/31/2013,28637.5,28762.5,26275,26725,26725
1/2/2014,27687.5,28175,27025,27600,27600
1/3/2014,27087.5,29287.5,25762.5,28062.5,28062.5
1/6/2014,28000,28375,26900,27562.5,27562.5
1/7/2014,29525,29700,26875,28050,28050
1/8/2014,27450,28037.5,25850,25925,25925
1/9/2014,24812.5,25487.5,22075,22850,22850
1/10/2014,22337.5,23612.5,22337.5,23175,23175
1/13/2014,25575,27000,25312.5,26912.5,26912.5
1/14/2014,27675,28387.5,26925,27925,27925
1/15/2014,28812.5,29350,27237.5,27387.5,27387.5
1/16/2014,30375,30375,27675,28025,28025
1/17/2014,27162.5,28112.5,26537.5,26587.5,26587.5
1/21/2014,28800,29150,27975,28962.5,28962.5
1/22/2014,31637.5,33437.5,31137.5,32850,32850
1/23/2014,35187.5,35887.5,31725,34175,34175
1/24/2014,37125,43650,36500,42262.5,42262.5
1/27/2014,39825,41250,33700,35712.5,35712.5
1/28/2014,36025,40587.5,35975,39037.5,39037.5
1/29/2014,41362.5,53412.5,40625,51600,51600
1/30/2014,44325,47887.5,37087.5,37225,37225
1/31/2014,37750,38375,32812.5,37125,37125
2/3/2014,36025,38350,35375,37637.5,37637.5
2/4/2014,44400,48262.5,43612.5,45787.5,45787.5
2/5/2014,51087.5,52100,37625,40762.5,40762.5
2/6/2014,41337.5,41962.5,35625,38125,38125
2/7/2014,34125,37125,32275,32950,32950
2/10/2014,32250,33125,29012.5,29487.5,29487.5
2/11/2014,31150,34437.5,30812.5,34187.5,34187.5
2/12/2014,33850,35625,32325,32812.5,32812.5
2/13/2014,34062.5,36175,33662.5,35400,35400
2/14/2014,36812.5,37500,33937.5,34062.5,34062.5
2/18/2014,37637.5,38975,37137.5,38137.5,38137.5
2/19/2014,41187.5,44287.5,40800,41500,41500
2/20/2014,42025,43987.5,39787.5,40812.5,40812.5
2/21/2014,43287.5,45087.5,40125,44762.5,44762.5
2/24/2014,45325,45850,33875,36587.5,36587.5
2/25/2014,33362.5,37987.5,33250,35300,35300
2/26/2014,33237.5,34500,31875,32600,32600
2/27/2014,31975,33237.5,30950,31450,31450
2/28/2014,33337.5,35112.5,32675,33962.5,33962.5
3/3/2014,34750,35337.5,30900,31487.5,31487.5
3/4/2014,33912.5,35225,32025,34112.5,34112.5
3/5/2014,33375,34950,31562.5,32900,32900
3/6/2014,32837.5,35525,32125,34437.5,34437.5
3/7/2014,34975,34975,32687.5,33850,33850
3/10/2014,33687.5,34750,32550,34437.5,34437.5
3/11/2014,33575,34437.5,32950,33325,33325
3/12/2014,31125,32325,31037.5,31662.5,31662.5
3/13/2014,30100,30687.5,28800,29487.5,29487.5
3/14/2014,30050,30462.5,29250,30287.5,30287.5
3/17/2014,32325,32587.5,31537.5,31637.5,31637.5
3/18/2014,31200,31400,30462.5,30600,30600
3/19/2014,30437.5,31362.5,30062.5,30937.5,30937.5
3/20/2014,29975,30562.5,28750,29225,29225
3/21/2014,28100,28412.5,27600,28062.5,28062.5
3/24/2014,27687.5,28062.5,27250,27925,27925
3/25/2014,29662.5,30512.5,29325,30137.5,30137.5
3/26/2014,29687.5,30487.5,29012.5,29637.5,29637.5
3/27/2014,30650,33350,30275,32087.5,32087.5
3/28/2014,32562.5,32625,31475,31637.5,31637.5
3/31/2014,29362.5,29700,28562.5,29437.5,29437.5
4/1/2014,28337.5,28650,27275,27362.5,27362.5
4/2/2014,28587.5,29462.5,28200,29025,29025
4/3/2014,29975,31337.5,29000,30350,30350
4/4/2014,30612.5,31187.5,30075,30237.5,30237.5
4/7/2014,31800,32062.5,30875,31200,31200
4/8/2014,31987.5,32750,31950,32437.5,32437.5
4/9/2014,31962.5,33525,31862.5,33087.5,33087.5
4/10/2014,32525,35975,32062.5,34550,34550
4/11/2014,34525,34912.5,33862.5,34275,34275
4/14/2014,32637.5,33400,32587.5,33062.5,33062.5
4/15/2014,33762.5,34500,32337.5,33187.5,33187.5
4/16/2014,32825,33125,32175,32412.5,32412.5
4/17/2014,31862.5,36750,31325,36425,36425
4/21/2014,36987.5,37462.5,35587.5,35787.5,35787.5
4/22/2014,36350,37025,35987.5,36937.5,36937.5
4/23/2014,37300,37587.5,36387.5,36625,36625
4/24/2014,37387.5,37950,35250,35625,35625
4/25/2014,35187.5,35187.5,34137.5,34525,34525
4/28/2014,36587.5,37887.5,36462.5,37000,37000
4/29/2014,37012.5,38700,36675,38462.5,38462.5
4/30/2014,36837.5,38850,36462.5,37412.5,37412.5
5/1/2014,37525,38062.5,35400,35575,35575
5/2/2014,36262.5,36287.5,34612.5,35075,35075
5/5/2014,35400,35800,34850,35200,35200
5/6/2014,36925,37625,36700,37625,37625
5/7/2014,37025,37100,35312.5,36125,36125
5/8/2014,35412.5,35475,32000,32425,32425
5/9/2014,31700,31725,30725,31412.5,31412.5
5/12/2014,29900,30200,29112.5,29200,29200
5/13/2014,29112.5,29350,27587.5,27962.5,27962.5
5/14/2014,28187.5,28600,27462.5,28275,28275
5/15/2014,27712.5,30687.5,27125,29425,29425
5/16/2014,28875,29475,28675,28812.5,28812.5
5/19/2014,30037.5,30837.5,29625,29925,29925
5/20/2014,30300,31675,30100,31225,31225
5/21/2014,31062.5,31312.5,29725,30025,30025
5/22/2014,29650,30612.5,27375,27787.5,27787.5
5/23/2014,28250,28537.5,27612.5,28387.5,28387.5
5/27/2014,28975,30500,28887.5,29950,29950
5/28/2014,30837.5,32737.5,30637.5,32300,32300
5/29/2014,32812.5,33325,30662.5,31737.5,31737.5
5/30/2014,30362.5,31912.5,29900,31300,31300
6/2/2014,30750,32537.5,30725,32487.5,32487.5
6/3/2014,33137.5,33437.5,32162.5,32162.5,32162.5
6/4/2014,32050,33262.5,32050,33162.5,33162.5
6/5/2014,33775,34737.5,31812.5,33912.5,33912.5
6/6/2014,34150,35012.5,33875,34825,34825
6/9/2014,33900,34712.5,32887.5,33225,33225
6/10/2014,31875,32237.5,30562.5,30837.5,30837.5
6/11/2014,31400,31525,30187.5,30500,30500
6/12/2014,31125,35437.5,30825,35025,35025
6/13/2014,35075,35825,34525,35100,35100
6/16/2014,34937.5,35887.5,33600,34575,34575
6/17/2014,33937.5,35075,33875,34512.5,34512.5
6/18/2014,35075,35200,33162.5,33500,33500
6/19/2014,33575,34287.5,31750,32062.5,32062.5
6/20/2014,31212.5,31512.5,30625,31462.5,31462.5
6/23/2014,29825,30150,29150,29362.5,29362.5
6/24/2014,29875,31250,29575,30587.5,30587.5
6/25/2014,31737.5,31787.5,30375,31112.5,31112.5
6/26/2014,31262.5,31350,27937.5,28625,28625
6/27/2014,27850,28387.5,27312.5,28200,28200
6/30/2014,28212.5,29462.5,27325,28837.5,28837.5
7/1/2014,28362.5,29325,28200,28487.5,28487.5
7/2/2014,27787.5,27787.5,26512.5,26912.5,26912.5
7/3/2014,26550,27837.5,26350,27150,27150
7/7/2014,25487.5,25600,23987.5,24662.5,24662.5
7/8/2014,24025,24537.5,22737.5,24400,24400
7/9/2014,24012.5,24400,23287.5,23437.5,23437.5
7/10/2014,23412.5,23762.5,22500,22562.5,22562.5
7/11/2014,22525,23050,22375,22925,22925
7/14/2014,23062.5,23212.5,22100,23125,23125
7/15/2014,22875,23100,21975,22162.5,22162.5
7/16/2014,22837.5,23000,22450,22487.5,22487.5
7/17/2014,21612.5,21675,19712.5,20225,20225
7/18/2014,20012.5,20125,19712.5,19937.5,19937.5
7/21/2014,19025,19050,18275,18662.5,18662.5
7/22/2014,18200,18250,17375,17450,17450
7/23/2014,17662.5,17950,17225,17287.5,17287.5
7/24/2014,17500,18900,17500,18262.5,18262.5
7/25/2014,17625,17725,17125,17400,17400
7/28/2014,18300,18312.5,16787.5,17137.5,17137.5
7/29/2014,17262.5,17950,16762.5,17912.5,17912.5
7/30/2014,17225,17525,16875,17212.5,17212.5
7/31/2014,17337.5,18787.5,17012.5,18037.5,18037.5
8/1/2014,17525,18612.5,17487.5,17562.5,17562.5
8/4/2014,17675,18275,17587.5,18225,18225
8/5/2014,18875,19125,18687.5,18850,18850
8/6/2014,18962.5,19612.5,18612.5,19575,19575
8/7/2014,19925,20137.5,18325,18800,18800
8/8/2014,19162.5,19950,18987.5,19912.5,19912.5
8/11/2014,20300,20325,19250,20100,20100
8/12/2014,19925,20537.5,19762.5,20112.5,20112.5
8/13/2014,18937.5,19087.5,17875,17962.5,17962.5
8/14/2014,18150,20225,18125,18762.5,18762.5
8/15/2014,17562.5,17612.5,16950,17350,17350
8/18/2014,17350,17787.5,17187.5,17325,17325
8/19/2014,18462.5,18900,18187.5,18450,18450
8/20/2014,18212.5,18225,17400,17862.5,17862.5
8/21/2014,18412.5,18900,17425,18612.5,18612.5
8/22/2014,18662.5,18750,17925,18162.5,18162.5
8/25/2014,19187.5,19500,18987.5,19425,19425
8/26/2014,19625,19737.5,18825,19250,19250
8/27/2014,19875,20187.5,18762.5,19875,19875
8/28/2014,20325,20875,19312.5,20475,20475
8/29/2014,19950,20962.5,19900,20862.5,20862.5
9/2/2014,19075,19425,18125,18287.5,18287.5
9/3/2014,17775,17850,17262.5,17562.5,17562.5
9/4/2014,17537.5,17862.5,16662.5,17237.5,17237.5
9/5/2014,17037.5,17287.5,16550,16862.5,16862.5
9/8/2014,17362.5,17925,17062.5,17825,17825
9/9/2014,19275,19512.5,18962.5,19037.5,19037.5
9/10/2014,18937.5,19125,18587.5,18812.5,18812.5
9/11/2014,17900,18500,16812.5,17225,17225
9/12/2014,16712.5,17462.5,16562.5,17287.5,17287.5
9/15/2014,18437.5,18650,18112.5,18475,18475
9/16/2014,17737.5,19525,17687.5,19387.5,19387.5
9/17/2014,19725,19912.5,19475,19687.5,19687.5
9/18/2014,19650,19700,18175,18325,18325
9/19/2014,17512.5,17700,17250,17312.5,17312.5
9/22/2014,17637.5,17737.5,16762.5,17362.5,17362.5
9/23/2014,17712.5,17962.5,16787.5,17000,17000
9/24/2014,17037.5,18175,16687.5,17812.5,17812.5
9/25/2014,17437.5,18725,16862.5,18575,18575
9/26/2014,18237.5,19050,18100,18850,18850
9/29/2014,19362.5,20762.5,19187.5,20075,20075
9/30/2014,20262.5,20687.5,19812.5,20225,20225
10/1/2014,20562.5,20687.5,18675,18762.5,18762.5
10/2/2014,18200,18550,17162.5,17950,17950
10/3/2014,17812.5,19000,17775,18837.5,18837.5
10/6/2014,17100,17462.5,16875,17112.5,17112.5
10/7/2014,17000,17812.5,16975,17437.5,17437.5
10/8/2014,16987.5,17150,16137.5,16387.5,16387.5
10/9/2014,16137.5,17375,15825,16475,16475
10/10/2014,16487.5,16700,16062.5,16400,16400
10/13/2014,16362.5,17125,16287.5,16900,16900
10/14/2014,17262.5,17400,15637.5,15825,15825
10/15/2014,15325,15737.5,15100,15612.5,15612.5
10/16/2014,15612.5,15787.5,14937.5,15687.5,15687.5
10/17/2014,15225,15362.5,14625,15300,15300
10/20/2014,14450,14487.5,14025,14162.5,14162.5
10/21/2014,14050,14562.5,13837.5,14450,14450
10/22/2014,14087.5,14400,13812.5,13925,13925
10/23/2014,13462.5,14100,13087.5,13750,13750
10/24/2014,12987.5,13437.5,12725,13400,13400
10/27/2014,12725,13200,12525,12700,12700
10/28/2014,12800,13987.5,12575,13800,13800
10/29/2014,14125,14937.5,13937.5,14350,14350
10/30/2014,14625,14825,14175,14800,14800
10/31/2014,15512.5,15950,14825,15287.5,15287.5
11/3/2014,16937.5,17350,16587.5,17112.5,17112.5
11/4/2014,17587.5,18975,17412.5,18637.5,18637.5
11/5/2014,19362.5,19562.5,18562.5,19237.5,19237.5
11/6/2014,18975,22875,18212.5,22412.5,22412.5
11/7/2014,20775,23437.5,20337.5,21787.5,21787.5
11/10/2014,22337.5,22887.5,19775,20500,20500
11/11/2014,18750,20625,18750,19412.5,19412.5
11/12/2014,19012.5,19462.5,18512.5,18725,18725
11/13/2014,18012.5,18650,16312.5,16412.5,16412.5
11/14/2014,16600,17400,15787.5,17375,17375
11/17/2014,18387.5,20637.5,18375,19975,19975
11/18/2014,19537.5,20725,18175,19575,19575
11/19/2014,21937.5,23087.5,21262.5,21750,21750
11/20/2014,22500,23512.5,20112.5,22800,22800
11/21/2014,20875,21412.5,19750,19875,19875
11/24/2014,17575,18550,17462.5,18250,18250
11/25/2014,17850,20100,17725,19900,19900
11/26/2014,19737.5,21112.5,18750,18850,18850
11/28/2014,17487.5,17662.5,16562.5,16650,16650
12/1/2014,14312.5,14987.5,13875,14687.5,14687.5
12/2/2014,13687.5,14087.5,13000,13150,13150
12/3/2014,12475,12837.5,12000,12375,12375
12/4/2014,11912.5,11987.5,10825,10862.5,10862.5
12/5/2014,11600,12475,11375,12237.5,12237.5
12/8/2014,11187.5,11687.5,10212.5,10512.5,10512.5
12/9/2014,10575,11250,10437.5,10637.5,10637.5
12/10/2014,10900,11537.5,10550,11162.5,11162.5
12/11/2014,11262.5,11887.5,10437.5,10812.5,10812.5
12/12/2014,11500,12112.5,11262.5,11675,11675
12/15/2014,12025,12262.5,11037.5,11287.5,11287.5
12/16/2014,10537.5,10887.5,10150,10475,10475
12/17/2014,11050,11050,10625,10862.5,10862.5
12/18/2014,11537.5,11837.5,10537.5,10825,10825
12/19/2014,9500,9625,9000,9087.5,9087.5
12/22/2014,7175,7500,6537.5,6925,6925
12/23/2014,6487.5,6837.5,6362.5,6750,6750
12/24/2014,6375,6462.5,5762.5,6000,6000
12/26/2014,5825,5925,5537.5,5850,5850
12/29/2014,6087.5,6662.5,5975,6462.5,6462.5
12/30/2014,5950,6150,5862.5,6025,6025
12/31/2014,5625,5712.5,4775,4975,4975
1/2/2015,5225,5787.5,5075,5112.5,5112.5
1/5/2015,5762.5,5775,4675,4962.5,4962.5
1/6/2015,4687.5,5050,4475,5025,5025
1/7/2015,5025,5337.5,4437.5,4700,4700
1/8/2015,4550,5012.5,4500,4975,4975
1/9/2015,5050,5137.5,4712.5,5075,5075
1/12/2015,4675,4712.5,4175,4300,4300
1/13/2015,4425,4975,4337.5,4875,4875
1/14/2015,5562.5,6525,5487.5,6475,6475
1/15/2015,6362.5,6787.5,5162.5,5850,5850
1/16/2015,5175,6050,5137.5,5425,5425
1/20/2015,4637.5,4700,4125,4387.5,4387.5
1/21/2015,4487.5,4737.5,4250,4675,4675
1/22/2015,4375,4450,3812.5,4200,4200
1/23/2015,4475,4687.5,4412.5,4537.5,4537.5
1/26/2015,4275,4537.5,3975,4175,4175
1/27/2015,4450,4650,4325,4337.5,4337.5
1/28/2015,4137.5,4262.5,3887.5,4125,4125
1/29/2015,4087.5,4150,3375,3562.5,3562.5
1/30/2015,3375,3550,3300,3425,3425
2/2/2015,3337.5,3450,3137.5,3412.5,3412.5
2/3/2015,3387.5,3800,3300,3687.5,3687.5
2/4/2015,3575,3575,3275,3325,3325
2/5/2015,3187.5,3312.5,3012.5,3100,3100
2/6/2015,3087.5,3187.5,3012.5,3012.5,3012.5
2/9/2015,3125,3162.5,3000,3112.5,3112.5
2/10/2015,3325,3587.5,3250,3400,3400
2/11/2015,3962.5,3962.5,3625,3875,3875
2/12/2015,3787.5,3850,3325,3487.5,3487.5
2/13/2015,3350,3775,3312.5,3712.5,3712.5
2/17/2015,3687.5,3725,3375,3700,3700
2/18/2015,3675,3962.5,3550,3825,3825
2/19/2015,3912.5,4087.5,3725,3912.5,3912.5
2/20/2015,4437.5,4550,4250,4387.5,4387.5
2/23/2015,4337.5,4412.5,3912.5,4025,4025
2/24/2015,4062.5,4400,3987.5,4050,4050
2/25/2015,4175,4275,3800,3937.5,3937.5
2/26/2015,3700,3812.5,3237.5,3250,3250
2/27/2015,3350,3425,3275,3300,3300
3/2/2015,3375,3450,3212.5,3250,3250
3/3/2015,3262.5,3375,3162.5,3287.5,3287.5
3/4/2015,3487.5,3537.5,3387.5,3500,3500
3/5/2015,3500,3862.5,3462.5,3762.5,3762.5
3/6/2015,3662.5,3887.5,3587.5,3737.5,3737.5
3/9/2015,3237.5,3375,3112.5,3175,3175
3/10/2015,3275,3337.5,3225,3275,3275
3/11/2015,3450,3712.5,3425,3637.5,3637.5
3/12/2015,3662.5,3787.5,3275,3337.5,3337.5
3/13/2015,3150,3362.5,3137.5,3287.5,3287.5
3/16/2015,3137.5,3300,3112.5,3287.5,3287.5
3/17/2015,3612.5,3687.5,3425,3650,3650
3/18/2015,3400,3962.5,3400,3862.5,3862.5
3/19/2015,3612.5,3662.5,3375,3512.5,3512.5
3/20/2015,3725,3875,3350,3425,3425
3/23/2015,3187.5,3325,3100,3262.5,3262.5
3/24/2015,3462.5,3500,3337.5,3412.5,3412.5
3/25/2015,3312.5,3325,3137.5,3187.5,3187.5
3/26/2015,3212.5,3237.5,2925,2975,2975
3/27/2015,2887.5,2887.5,2750,2862.5,2862.5
3/30/2015,2912.5,2937.5,2812.5,2837.5,2837.5
3/31/2015,2862.5,2925,2812.5,2812.5,2812.5
4/1/2015,2750,2775,2650,2712.5,2712.5
4/2/2015,2775,3062.5,2762.5,3037.5,3037.5
4/6/2015,2812.5,2887.5,2800,2837.5,2837.5
4/7/2015,2862.5,3000,2850,2887.5,2887.5
4/8/2015,2825,2862.5,2712.5,2737.5,2737.5
4/9/2015,2737.5,2775,2462.5,2487.5,2487.5
4/10/2015,2512.5,2512.5,2387.5,2412.5,2412.5
4/13/2015,2425,2475,2312.5,2375,2375
4/14/2015,2475,2487.5,2400,2450,2450
4/15/2015,2537.5,2687.5,2525,2625,2625
4/16/2015,2587.5,2900,2475,2875,2875
4/17/2015,2812.5,2850,2712.5,2750,2750
4/20/2015,2475,2537.5,2437.5,2462.5,2462.5
4/21/2015,2550,2600,2500,2537.5,2537.5
4/22/2015,2612.5,2687.5,2600,2637.5,2637.5
4/23/2015,2500,2550,2400,2450,2450
4/24/2015,2450,2487.5,2362.5,2412.5,2412.5
4/27/2015,2187.5,2250,2175,2237.5,2237.5
4/28/2015,2275,2325,2225,2300,2300
4/29/2015,2362.5,2512.5,2362.5,2437.5,2437.5
4/30/2015,2400,2962.5,2362.5,2837.5,2837.5
5/1/2015,2900,3062.5,2875,2975,2975
5/4/2015,2962.5,3150,2912.5,3100,3100
5/5/2015,3050,3125,2950,3025,3025
5/6/2015,3000,3125,2950,2975,2975
5/7/2015,3087.5,3125,2775,2887.5,2887.5
5/8/2015,3237.5,3325,3137.5,3237.5,3237.5
5/11/2015,3250,3312.5,3012.5,3087.5,3087.5
5/12/2015,3287.5,3437.5,3262.5,3350,3350
5/13/2015,3275,3587.5,3225,3475,3475
5/14/2015,3362.5,3762.5,3325,3737.5,3737.5
5/15/2015,3737.5,3850,3600,3762.5,3762.5
5/18/2015,3850,3887.5,3662.5,3787.5,3787.5
5/19/2015,4000,4062.5,3462.5,3575,3575
5/20/2015,3625,3675,3325,3450,3450
5/21/2015,3525,3750,3437.5,3537.5,3537.5
5/22/2015,3375,3450,3212.5,3225,3225
5/26/2015,3000,3050,2900,3000,3000
5/27/2015,2987.5,3037.5,2925,2975,2975
5/28/2015,2800,2850,2537.5,2587.5,2587.5
5/29/2015,2475,2487.5,2350,2412.5,2412.5
6/1/2015,2350,2450,2337.5,2412.5,2412.5
6/2/2015,2350,2537.5,2250,2512.5,2512.5
6/3/2015,2412.5,2437.5,2312.5,2337.5,2337.5
6/4/2015,2312.5,2425,2162.5,2337.5,2337.5
6/5/2015,2225,2287.5,2200,2212.5,2212.5
6/8/2015,2437.5,2525,2387.5,2512.5,2512.5
6/9/2015,2775,2912.5,2737.5,2862.5,2862.5
6/10/2015,2962.5,3075,2837.5,3037.5,3037.5
6/11/2015,3050,3087.5,2800,2812.5,2812.5
6/12/2015,2737.5,2800,2587.5,2625,2625
6/15/2015,2825,3025,2800,3000,3000
6/16/2015,2887.5,3012.5,2787.5,3000,3000
6/17/2015,3087.5,3162.5,2837.5,2912.5,2912.5
6/18/2015,2837.5,2937.5,2637.5,2675,2675
6/19/2015,2587.5,2812.5,2575,2737.5,2737.5
6/22/2015,2500,2562.5,2487.5,2537.5,2537.5
6/23/2015,2650,2662.5,2450,2512.5,2512.5
6/24/2015,2537.5,2612.5,2487.5,2587.5,2587.5
6/25/2015,2675,2812.5,2625,2775,2775
6/26/2015,2625,2687.5,2525,2562.5,2562.5
6/29/2015,2650,2725,2512.5,2612.5,2612.5
6/30/2015,2487.5,2712.5,2487.5,2662.5,2662.5
7/1/2015,2662.5,2662.5,2500,2550,2550
7/2/2015,2662.5,2837.5,2600,2675,2675
7/6/2015,2487.5,2562.5,2462.5,2500,2500
7/7/2015,2387.5,2412.5,2300,2387.5,2387.5
7/8/2015,2450,2462.5,2275,2312.5,2312.5
7/9/2015,2287.5,2425,2187.5,2412.5,2412.5
7/10/2015,2537.5,2600,2475,2500,2500
7/13/2015,2700,2800,2675,2725,2725
7/14/2015,2837.5,2850,2625,2662.5,2662.5
7/15/2015,2800,2875,2737.5,2837.5,2837.5
7/16/2015,2825,2862.5,2675,2737.5,2737.5
7/17/2015,2725,2800,2662.5,2787.5,2787.5
7/20/2015,2575,2787.5,2562.5,2637.5,2637.5
7/21/2015,2775,2825,2737.5,2800,2800
7/22/2015,2850,2862.5,2687.5,2825,2825
7/23/2015,2862.5,2987.5,2575,2612.5,2612.5
7/24/2015,2525,2575,2462.5,2500,2500
7/27/2015,2525,2587.5,2500,2512.5,2512.5
7/28/2015,2550,2662.5,2500,2575,2575
7/29/2015,2650,2725,2625,2687.5,2687.5
7/30/2015,2575,2650,2425,2487.5,2487.5
7/31/2015,2462.5,2462.5,2275,2337.5,2337.5
8/3/2015,2387.5,2412.5,2287.5,2387.5,2387.5
8/4/2015,2537.5,2575,2450,2537.5,2537.5
8/5/2015,2650,2662.5,2475,2487.5,2487.5
8/6/2015,2350,2612.5,2337.5,2537.5,2537.5
8/7/2015,2500,2575,2412.5,2512.5,2512.5
8/10/2015,2625,2650,2562.5,2625,2625
8/11/2015,2612.5,2662.5,2500,2637.5,2637.5
8/12/2015,2762.5,2875,2737.5,2850,2850
8/13/2015,2850,2850,2475,2512.5,2512.5
8/14/2015,2512.5,2562.5,2487.5,2537.5,2537.5
8/17/2015,2375,2387.5,2312.5,2350,2350
8/18/2015,2250,2325,2237.5,2300,2300
8/19/2015,2300,2312.5,2225,2262.5,2262.5
8/20/2015,2262.5,2450,2262.5,2362.5,2362.5
8/21/2015,2275,2287.5,2150,2162.5,2162.5
8/24/2015,2037.5,2187.5,2025,2100,2100
8/25/2015,2125,2162.5,2062.5,2162.5,2162.5
8/26/2015,2162.5,2187.5,2125,2125,2125
8/27/2015,2112.5,2175,2025,2100,2100
8/28/2015,2200,2212.5,2137.5,2187.5,2187.5
8/31/2015,2087.5,2137.5,2025,2125,2125
9/1/2015,2187.5,2200,2075,2112.5,2112.5
9/2/2015,2062.5,2087.5,2000,2000,2000
9/3/2015,2012.5,2225,2000,2162.5,2162.5
9/4/2015,2112.5,2137.5,2012.5,2037.5,2037.5
9/8/2015,2100,2187.5,2087.5,2150,2150
9/9/2015,2062.5,2075,2000,2025,2025
9/10/2015,2060,2190,2037.5,2067.5,2067.5
9/11/2015,2097.5,2150,2087.5,2105,2105
9/14/2015,2127.5,2262.5,2120,2227.5,2227.5
9/15/2015,2222.5,2262.5,2162.5,2177.5,2177.5
9/16/2015,2087.5,2112.5,2032.5,2050,2050
9/17/2015,2030,2070,2002.5,2020,2020
9/18/2015,1940,1972.5,1895,1910,1910
9/21/2015,1807.5,1870,1800,1830,1830
9/22/2015,1827.5,1852.5,1810,1817.5,1817.5
9/23/2015,1835,1865,1795,1812.5,1812.5
9/24/2015,1800,1890,1725,1882.5,1882.5
9/25/2015,1812.5,1815,1735,1792.5,1792.5
9/28/2015,1965,1965,1827.5,1872.5,1872.5
9/29/2015,1762.5,1790,1692.5,1702.5,1702.5
9/30/2015,1697.5,1697.5,1552.5,1587.5,1587.5
10/1/2015,1507.5,1547.5,1385,1405,1405
10/2/2015,1397.5,1462.5,1382.5,1442.5,1442.5
10/5/2015,1455,1507.5,1422.5,1455,1455
10/6/2015,1435,1500,1420,1472.5,1472.5
10/7/2015,1552.5,1580,1475,1490,1490
10/8/2015,1512.5,1567.5,1495,1505,1505
10/9/2015,1522.5,1560,1505,1555,1555
10/12/2015,1562.5,1600,1537.5,1592.5,1592.5
10/13/2015,1552.5,1612.5,1510,1535,1535
10/14/2015,1542.5,1582.5,1507.5,1572.5,1572.5
10/15/2015,1607.5,1630,1465,1485,1485
10/16/2015,1445,1452.5,1405,1412.5,1412.5
10/19/2015,1440,1475,1417.5,1427.5,1427.5
10/20/2015,1470,1487.5,1430,1462.5,1462.5
10/21/2015,1372.5,1375,1310,1337.5,1337.5
10/22/2015,1332.5,1370,1265,1297.5,1297.5
10/23/2015,1217.5,1237.5,1157.5,1180,1180
10/26/2015,1075,1077.5,960,995,995
10/27/2015,995,1052.5,972.5,992.5,992.5
10/28/2015,907.5,927.5,862.5,900,900
10/29/2015,945,990,830,852.5,852.5
10/30/2015,817.5,945,812.5,932.5,932.5
11/2/2015,842.5,875,830,850,850
11/3/2015,835,887.5,830,867.5,867.5
11/4/2015,897.5,917.5,850,870,870
11/5/2015,907.5,995,900,982.5,982.5
11/6/2015,927.5,1012.5,915,952.5,952.5
11/9/2015,910,915,860,900,900
11/10/2015,945,960,912.5,925,925
11/11/2015,922.5,932.5,857.5,882.5,882.5
11/12/2015,862.5,892.5,847.5,887.5,887.5
11/13/2015,907.5,965,887.5,962.5,962.5
11/16/2015,947.5,1005,935,950,950
11/17/2015,900,980,890,955,955
11/18/2015,947.5,957.5,897.5,907.5,907.5
11/19/2015,887.5,932.5,810,810,810
11/20/2015,757.5,765,700,705,705
11/23/2015,717.5,755,700,730,730
11/24/2015,677.5,742.5,675,720,720
11/25/2015,700,750,685,705,705
11/27/2015,647.5,657.5,622.5,645,645
11/30/2015,632.5,660,630,637.5,637.5
12/1/2015,650,665,610,640,640
12/2/2015,615,617.5,572.5,587.5,587.5
12/3/2015,562.5,612.5,560,602.5,602.5
12/4/2015,600,610,587.5,597.5,597.5
12/7/2015,552.5,555,497.5,505,505
12/8/2015,492.5,515,477.5,510,510
12/9/2015,517.5,530,487.5,500,500
12/10/2015,482.5,522.5,460,460,460
12/11/2015,442.5,460,432.5,437.5,437.5
12/14/2015,387.5,395,370,392.5,392.5
12/15/2015,367.5,370,335,337.5,337.5
12/16/2015,350,367.5,322.5,355,355
12/17/2015,352.5,367.5,332.5,335,335
12/18/2015,352.5,352.5,330,337.5,337.5
12/21/2015,365,415,360,407.5,407.5
12/22/2015,375,402.5,370,387.5,387.5
12/23/2015,382.5,445,367.5,430,430
12/24/2015,457.5,462.5,427.5,447.5,447.5
12/28/2015,512.5,582.5,507.5,575,575
12/29/2015,655,670,607.5,617.5,617.5
12/30/2015,562.5,567.5,507.5,560,560
12/31/2015,607.5,645,592.5,610,610
1/4/2016,630,645,572.5,585,585
1/5/2016,555,620,552.5,607.5,607.5
1/6/2016,610,635,542.5,570,570
1/7/2016,582.5,680,582.5,650,650
1/8/2016,665,740,655,725,725
1/11/2016,665,667.5,627.5,637.5,637.5
1/12/2016,580,590,532.5,545,545
1/13/2016,550,587.5,545,562.5,562.5
1/14/2016,522.5,535,465,472.5,472.5
1/15/2016,462.5,462.5,430,445,445
1/19/2016,462.5,467.5,422.5,427.5,427.5
1/20/2016,437.5,452.5,412.5,445,445
1/21/2016,452.5,480,417.5,460,460
1/22/2016,447.5,467.5,437.5,460,460
1/25/2016,425,467.5,412.5,447.5,447.5
1/26/2016,462.5,475,432.5,457.5,457.5
1/27/2016,467.5,492.5,445,455,455
1/28/2016,425,502.5,422.5,502.5,502.5
1/29/2016,537.5,562.5,527.5,557.5,557.5
2/1/2016,452.5,457.5,430,445,445
2/2/2016,357.5,377.5,337.5,375,375
2/3/2016,365,390,347.5,380,380
2/4/2016,347.5,367.5,327.5,345,345
2/5/2016,367.5,390,365,377.5,377.5
2/8/2016,430,440,405,415,415
2/9/2016,405,420,392.5,395,395
2/10/2016,377.5,382.5,357.5,375,375
2/11/2016,380,385,340,347.5,347.5
2/12/2016,342.5,342.5,325,335,335
2/16/2016,305,310,292.5,310,310
2/17/2016,302.5,330,297.5,325,325
2/18/2016,295,310,282.5,285,285
2/19/2016,275,275,252.5,252.5,252.5
2/22/2016,252.5,265,250,252.5,252.5
2/23/2016,252.5,252.5,235,240,240
2/24/2016,240,252.5,237.5,242.5,242.5
2/25/2016,230,230,207.5,220,220
2/26/2016,220,227.5,202.5,225,225
2/29/2016,192.5,205,190,190,190
3/1/2016,195,215,185,205,205
3/2/2016,185,197.5,180,180,180
3/3/2016,170,187.5,167.5,167.5,167.5
3/4/2016,172.5,180,167.5,180,180
3/7/2016,177.5,202.5,175,195,195
3/8/2016,192.5,197.5,182.5,195,195
3/9/2016,200,215,195,207.5,207.5
3/10/2016,220,225,200,225,225
3/11/2016,232.5,240,222.5,227.5,227.5
3/14/2016,225.399994,241.300003,221.100006,228.899994,228.899994
3/15/2016,228.899994,228.899994,228.899994,228.899994,228.899994
3/16/2016,229.300003,247,226.600006,242.399994,242.399994
3/17/2016,250.100006,270.100006,229.899994,264.399994,264.399994
3/18/2016,267.100006,269.5,247.100006,250.100006,250.100006
3/21/2016,246.699997,248.899994,216.699997,220.699997,220.699997
3/22/2016,229.100006,237,216.300003,235,235
3/23/2016,240.699997,244.300003,204.800003,206.300003,206.300003
3/24/2016,206,220.899994,205.399994,215.800003,215.800003
3/28/2016,213.199997,234.800003,209.5,231.600006,231.600006
3/29/2016,227.800003,252.300003,225,249.199997,249.199997
3/30/2016,254.699997,260.5,242.199997,253,253
3/31/2016,262.100006,266.200012,229.600006,243.100006,243.100006
4/1/2016,238.199997,241.600006,228.199997,237.800003,237.800003
4/4/2016,258.799988,282.700012,249,258.399994,258.399994
4/5/2016,249.5,250.199997,229.5,237.5,237.5
4/6/2016,224.100006,229.399994,218,218.800003,218.800003
4/7/2016,238.399994,261.299988,236.5,261,261
4/8/2016,258.200012,260.399994,247.199997,249.300003,249.300003
4/11/2016,222.199997,225.699997,219.300003,224.5,224.5
4/12/2016,236.300003,256.899994,232.699997,252.600006,252.600006
4/13/2016,254.600006,264.399994,247.899994,261.600006,261.600006
4/14/2016,242.5,257.100006,238.5,240.399994,240.399994
4/15/2016,220,228.199997,218.100006,221.399994,221.399994
4/18/2016,222.600006,235.699997,217.699997,232.5,232.5
4/19/2016,258.899994,285.899994,258.899994,281.600006,281.600006
4/20/2016,283.200012,299.899994,270.799988,283.299988,283.299988
4/21/2016,283.799988,297.5,279.700012,288.600006,288.600006
4/22/2016,296.399994,319.700012,287.600006,307.5,307.5
4/25/2016,288,288,270.600006,284.100006,284.100006
4/26/2016,268.600006,273.299988,262.399994,271.5,271.5
4/27/2016,260.799988,272.5,252,266.299988,266.299988
4/28/2016,243.300003,250.399994,235.600006,236.5,236.5
4/29/2016,246.699997,280.100006,240.300003,260.700012,260.700012
5/2/2016,249.5,252,218.399994,224.5,224.5
5/3/2016,232.899994,242.800003,229.399994,237,237
5/4/2016,257.799988,259.600006,250,257,257
5/5/2016,248.300003,252.5,230.399994,236.899994,236.899994
5/6/2016,228.899994,244.199997,228.100006,239.300003,239.300003
5/9/2016,244.5,247.199997,235.199997,240.899994,240.899994
5/10/2016,256,262.399994,252.5,261.299988,261.299988
5/11/2016,249.600006,266.299988,244.800003,262,262
5/12/2016,262.200012,268,250,261.5,261.5
5/13/2016,245,262.100006,242.600006,244.100006,244.100006
5/16/2016,223.100006,230,220.100006,222.800003,222.800003
5/17/2016,232.899994,233,222,228,228
5/18/2016,212.5,216.399994,206.600006,210.399994,210.399994
5/19/2016,203.5,228.199997,200,224.100006,224.100006
5/20/2016,234.100006,235,225.600006,227.800003,227.800003
5/23/2016,247.800003,248.399994,223.5,227.5,227.5
5/24/2016,219.600006,220.399994,209.800003,213.699997,213.699997
5/25/2016,213.699997,222.300003,206.399994,216.800003,216.800003
5/26/2016,213.300003,221.600006,205.5,211.600006,211.600006
5/27/2016,214,224,211.600006,215.5,215.5
5/31/2016,242.600006,257.600006,237.600006,249.600006,249.600006
6/1/2016,277.899994,285.700012,265,284.600006,284.600006
6/2/2016,285.899994,299.5,278.5,291,291
6/3/2016,301.700012,305.600006,286.200012,290.600006,290.600006
6/6/2016,294.299988,316.399994,290.700012,313.799988,313.799988
6/7/2016,300.100006,322.5,300.100006,320.5,320.5
6/8/2016,319.600006,324.899994,309.600006,312.899994,312.899994
6/9/2016,312.700012,375.600006,308.5,365,365
6/10/2016,360,360,341.700012,351.299988,351.299988
6/13/2016,365.299988,370.700012,348.899994,359,359
6/14/2016,350.100006,366.299988,347.700012,358.700012,358.700012
6/15/2016,365.100006,370.600006,351.200012,353.399994,353.399994
6/16/2016,352.299988,368.5,336,347.700012,347.700012
6/17/2016,352,368.799988,350.200012,368.700012,368.700012
6/20/2016,372.399994,408.600006,371.399994,399,399
6/21/2016,404.600006,421,398.700012,411.100006,411.100006
6/22/2016,415,416.299988,368.100006,374.700012,374.700012
6/23/2016,368.600006,395,352.100006,383.700012,383.700012
6/24/2016,370,383,366.200012,369,369
6/27/2016,388.200012,397.200012,373,396,396
6/28/2016,426,453.399994,419.799988,448.200012,448.200012
6/29/2016,462.5,462.5,429.399994,435.700012,435.700012
6/30/2016,452.700012,475.5,437.5,463.100006,463.100006
7/1/2016,452.399994,501.799988,451.399994,497.5,497.5
7/5/2016,415.100006,416.299988,380.200012,383,383
7/6/2016,375.700012,398.399994,372.600006,398.299988,398.299988
7/7/2016,411.600006,417.700012,369,386.799988,386.799988
7/8/2016,396.799988,405.5,390.399994,405.5,405.5
7/11/2016,400,400.700012,356,362.700012,362.700012
7/12/2016,370.5,375,351.600006,371.799988,371.799988
7/13/2016,378.299988,385,354.899994,374.100006,374.100006
7/14/2016,371.899994,382.899994,360,371.799988,371.799988
7/15/2016,352,389.100006,346.5,376.299988,376.299988
7/18/2016,381.100006,382.600006,358.5,365.799988,365.799988
7/19/2016,376.299988,378.200012,359.200012,364.600006,364.600006
7/20/2016,338.600006,352.200012,333.100006,335,335
7/21/2016,333.899994,353.799988,328.899994,348.5,348.5
7/22/2016,376.600006,389.799988,376.399994,381,381
7/25/2016,383.100006,384.299988,360,367.299988,367.299988
7/26/2016,349.600006,371.899994,343,351.100006,351.100006
7/27/2016,364.799988,371.700012,343.600006,349,349
7/28/2016,355.700012,439.399994,354.299988,424.899994,424.899994
7/29/2016,433.799988,448.399994,426.200012,426.799988,426.799988
8/1/2016,417.200012,423,383.700012,386.100006,386.100006
8/2/2016,378.100006,388,367,369.299988,369.299988
8/3/2016,396.700012,422.899994,393.200012,415.299988,415.299988
8/4/2016,415.899994,434,399.600006,407,407
8/5/2016,392.700012,397.600006,376.799988,378.600006,378.600006
8/8/2016,364.600006,377,355.700012,372.5,372.5
8/9/2016,350,354.799988,318.399994,323.700012,323.700012
8/10/2016,322.799988,327,300.600006,306.600006,306.600006
8/11/2016,304.5,318.700012,292.799988,297.600006,297.600006
8/12/2016,316.200012,323,305.5,308.200012,308.200012
8/15/2016,314.700012,323.399994,300.799988,308.899994,308.899994
8/16/2016,310.600006,321.299988,307.899994,320.200012,320.200012
8/17/2016,317.200012,328,310.799988,318.799988,318.799988
8/18/2016,316.600006,344.299988,316,338.299988,338.299988
8/19/2016,308.399994,314.700012,299.5,300.399994,300.399994
8/22/2016,334.899994,337.399994,324.399994,330.299988,330.299988
8/23/2016,342.899994,367,338.5,362.100006,362.100006
8/24/2016,376.200012,389,375,377.100006,377.100006
8/25/2016,389.799988,407.799988,382.5,398.299988,398.299988
8/26/2016,395.5,427.5,392.899994,404.700012,404.700012
8/29/2016,408.399994,420.700012,392.100006,404.5,404.5
8/30/2016,416.600006,417.200012,372.5,379.799988,379.799988
8/31/2016,381.700012,405.799988,381.200012,396.200012,396.200012
9/1/2016,379.5,387.799988,358.399994,366.200012,366.200012
9/2/2016,370.899994,373.700012,358.200012,360.799988,360.799988
9/6/2016,343.5,345.100006,329,333,333
9/7/2016,337.5,340,313.5,319.899994,319.899994
9/8/2016,338.799988,368.299988,338,361,361
9/9/2016,372.5,375.399994,353.5,356.200012,356.200012
9/12/2016,389.100006,402.700012,388.100006,392.899994,392.899994
9/13/2016,405.600006,407.700012,390.299988,397.399994,397.399994
9/14/2016,405.799988,411.399994,378.399994,391.700012,391.700012
9/15/2016,379.600006,409.5,371.200012,402.100006,402.100006
9/16/2016,389.399994,417.5,388.200012,413.799988,413.799988
9/19/2016,397,406.799988,394,406.600006,406.600006
9/20/2016,434.899994,456.799988,432.100006,455.5,455.5
9/21/2016,449.899994,460,442.600006,459.399994,459.399994
9/22/2016,461.200012,464.600006,421.5,423.5,423.5
9/23/2016,426.299988,427.299988,399.100006,413.899994,413.899994
9/26/2016,415.600006,431.5,412.799988,428.299988,428.299988
9/27/2016,421.899994,428.600006,413.799988,418.600006,418.600006
9/28/2016,387.399994,402.700012,377.700012,400.899994,400.899994
9/29/2016,386.799988,408.700012,383.399994,388.600006,388.600006
9/30/2016,377.200012,377.200012,358.399994,368,368
10/3/2016,355.5,372.399994,349.100006,364.600006,364.600006
10/4/2016,359.700012,395.600006,354.299988,386.700012,386.700012
10/5/2016,377.799988,421.899994,372.899994,412,412
10/6/2016,415,426.5,386.799988,415.5,415.5
10/7/2016,433.5,488.899994,428.5,474.899994,474.899994
10/10/2016,487.799988,518,485.700012,509.200012,509.200012
10/11/2016,489.100006,509.200012,485.700012,494.100006,494.100006
10/12/2016,490.399994,507.5,480.200012,490.399994,490.399994
10/13/2016,486,548.900024,468,538.299988,538.299988
10/14/2016,531.099976,536.099976,519.5,526.599976,526.599976
10/17/2016,515.299988,521.599976,502.700012,520.5,520.5
10/18/2016,534.599976,544.299988,524.299988,526.900024,526.900024
10/19/2016,498.5,505,490.399994,501.299988,501.299988
10/20/2016,494.600006,510,476.899994,499.299988,499.299988
10/21/2016,473.899994,476.5,456.799988,461,461
10/24/2016,456,457.200012,440.5,449.700012,449.700012
10/25/2016,400.700012,413,372.700012,377.600006,377.600006
10/26/2016,355.600006,367.5,315.600006,343.700012,343.700012
10/27/2016,337.100006,359.299988,325,346,346
10/28/2016,350.600006,367,346.399994,365.200012,365.200012
10/31/2016,375,377.299988,328.5,330.799988,330.799988
11/1/2016,290.200012,308.5,281.600006,286.799988,286.799988
11/2/2016,270.100006,284,258,259.399994,259.399994
11/3/2016,257.200012,272.799988,251.300003,251.899994,251.899994
11/4/2016,253.699997,265,246.5,256.5,256.5
11/7/2016,270,275,256.100006,269.399994,269.399994
11/8/2016,232.100006,236.699997,209.199997,211,211
11/9/2016,200,240,196.399994,227.600006,227.600006
11/10/2016,206.699997,224,201.399994,222.800003,222.800003
11/11/2016,223,234,217.899994,221.399994,221.399994
11/14/2016,242.800003,247.300003,236.5,240.899994,240.899994
11/15/2016,248,252.300003,225.600006,228.800003,228.800003
11/16/2016,237.199997,241,229.800003,239.300003,239.300003
11/17/2016,227.100006,236.899994,222.100006,225.5,225.5
11/18/2016,249.399994,253.399994,244.600006,251.699997,251.699997
11/21/2016,270.200012,279.799988,268.5,278.399994,278.399994
11/22/2016,281.700012,292,267.100006,271.799988,271.799988
11/23/2016,274.899994,303.5,273.600006,293.600006,293.600006
11/25/2016,298.200012,316.5,298,311.899994,311.899994
11/28/2016,339.899994,352.799988,335,352,352
11/29/2016,346.5,354.5,331.5,346.5,346.5
11/30/2016,353.299988,358.299988,343.200012,351.899994,351.899994
12/1/2016,383.100006,409,379.200012,406.600006,406.600006
12/2/2016,394.200012,408.799988,359.700012,383.700012,383.700012
12/5/2016,431.399994,452,426.600006,426.899994,426.899994
12/6/2016,452.799988,473,431.399994,442.100006,442.100006
12/7/2016,475.799988,485.899994,417,421.600006,421.600006
12/8/2016,438,478,422.5,473.100006,473.100006
12/9/2016,494.299988,496.799988,455.100006,482.899994,482.899994
12/12/2016,414.700012,432.5,384.100006,396,396
12/13/2016,406,407.700012,378.5,382.399994,382.399994
12/14/2016,390.200012,419.700012,386.700012,418.100006,418.100006
12/15/2016,403,429.600006,366.299988,377.5,377.5
12/16/2016,352.299988,375,352.299988,365.100006,365.100006
12/19/2016,383.600006,387.600006,361.5,369.200012,369.200012
12/20/2016,332.700012,346.600006,323.299988,335.5,335.5
12/21/2016,372.399994,419,372.399994,418.399994,418.399994
12/22/2016,408.100006,428.600006,388.100006,400.899994,400.899994
12/23/2016,426.299988,458.799988,424,443.600006,443.600006
12/27/2016,455,480,448.5,464.5,464.5
12/28/2016,463,524.900024,458.100006,509.100006,509.100006
12/29/2016,493.100006,511,465.700012,486.700012,486.700012
12/30/2016,480,480.799988,442.399994,461.899994,461.899994
1/3/2017,351.100006,357.200012,288.5,314.299988,314.299988
1/4/2017,299.600006,304.200012,285.399994,290.600006,290.600006
1/5/2017,290.100006,314.5,267.899994,305.399994,305.399994
1/6/2017,305.399994,312,292.5,293.799988,293.799988
1/9/2017,261.600006,261.700012,248,252.5,252.5
1/10/2017,252.5,300.799988,252.5,286.5,286.5
1/11/2017,300.399994,301,274.200012,289,289
1/12/2017,309.299988,330,304.5,311,311
1/13/2017,323.200012,325.5,306.600006,320.100006,320.100006
1/17/2017,322.200012,328.899994,308.700012,317.799988,317.799988
1/18/2017,297.5,312.5,288.700012,297.100006,297.100006
1/19/2017,286.5,318.799988,281.600006,297.5,297.5
1/20/2017,295,305.700012,267.799988,271.399994,271.399994
1/23/2017,268.200012,289.899994,267.799988,286,286
1/24/2017,301.700012,303.399994,286,295.700012,295.700012
1/25/2017,300.899994,309.700012,292.600006,307.899994,307.899994
1/26/2017,334.700012,345.799988,310.100006,315.5,315.5
1/27/2017,294.700012,323.5,289.799988,311.399994,311.399994
1/30/2017,273.5,282.799988,272.700012,273.299988,273.299988
1/31/2017,246,254.800003,243.5,249,249
2/1/2017,253.100006,259.799988,251.800003,254,254
2/2/2017,248.300003,265.600006,244.600006,258.399994,258.399994
2/3/2017,229.699997,238.100006,226.5,229.5,229.5
2/6/2017,222,231.199997,221.5,227.399994,227.399994
2/7/2017,248,248.600006,242,246.5,246.5
2/8/2017,239.899994,252.600006,239,246.600006,246.600006
2/9/2017,256,256.5,240.5,241.899994,241.899994
2/10/2017,223,229.699997,222,225.899994,225.899994
2/13/2017,212.199997,216.399994,205.800003,206.699997,206.699997
2/14/2017,199.800003,209.300003,197.699997,204.600006,204.600006
2/15/2017,213.600006,214.899994,204.600006,207.5,207.5
2/16/2017,204.800003,207,189.600006,190.600006,190.600006
2/17/2017,193.699997,196,188.800003,191,191
2/21/2017,158.600006,159.100006,137.800003,141.300003,141.300003
2/22/2017,140.600006,148.899994,137.399994,142.699997,142.699997
2/23/2017,151.699997,156.199997,144,148,148
2/24/2017,150,155.600006,145.5,155.100006,155.100006
2/27/2017,137.199997,139.899994,136.600006,139.100006,139.100006
2/28/2017,142.800003,153.600006,142.5,150,150
3/1/2017,152.899994,156.800003,150.100006,154.199997,154.199997
3/2/2017,152.300003,158.5,144.699997,157.800003,157.800003
3/3/2017,155.300003,161.800003,152,159.699997,159.699997
3/6/2017,175.100006,181.300003,164.699997,165.100006,165.100006
3/7/2017,162.5,165.800003,158.600006,159.699997,159.699997
3/8/2017,175.699997,179,169,173.100006,173.100006
3/9/2017,178.800003,184.800003,175.800003,183,183
3/10/2017,192.899994,194.5,181.800003,194.199997,194.199997
3/13/2017,194.699997,198.600006,185,188.800003,188.800003
3/14/2017,191.399994,192,172.199997,174.600006,174.600006
3/15/2017,181.399994,183.600006,178.300003,179.699997,179.699997
3/16/2017,171.5,180.699997,167.199997,168.899994,168.899994
3/17/2017,172.5,176.899994,169,174.600006,174.600006
3/20/2017,181.800003,197.5,181.199997,196.600006,196.600006
3/21/2017,202.699997,203.399994,190.300003,199.600006,199.600006
3/22/2017,191.5,198.300003,186,187,187
3/23/2017,190.800003,198.899994,183.399994,196.5,196.5
3/24/2017,198.899994,202.5,197.100006,200.399994,200.399994
3/27/2017,207.800003,207.899994,195.5,197.100006,197.100006
3/28/2017,199.100006,207.399994,196.699997,202.300003,202.300003
3/29/2017,214.699997,220.100006,210.899994,213.300003,213.300003
3/30/2017,210.100006,217.100006,200.100006,208.600006,208.600006
3/31/2017,215.5,216.199997,202.699997,207.5,207.5
4/3/2017,201.399994,202,195.5,197.699997,197.699997
4/4/2017,205.5,228,205,224.5,224.5
4/5/2017,232.399994,233.600006,218.899994,222.399994,222.399994
4/6/2017,224.5,235.300003,223.100006,227.5,227.5
4/7/2017,227.800003,228.800003,218,219.100006,219.100006
4/10/2017,215.899994,220.300003,213.199997,215.699997,215.699997
4/11/2017,205,206.600006,196.600006,201.699997,201.699997
4/12/2017,202.100006,206.800003,200.399994,203.300003,203.300003
4/13/2017,211.600006,214.899994,203.600006,212.600006,212.600006
4/17/2017,202.199997,215.699997,201.600006,203.399994,203.399994
4/18/2017,201.699997,205.5,195.899994,200.600006,200.600006
4/19/2017,208,213.300003,205.600006,206.300003,206.300003
4/20/2017,205.300003,208.600006,197.800003,202.199997,202.199997
4/21/2017,203.800003,204.300003,188,193,193
4/24/2017,185,191.300003,179.699997,185.899994,185.899994
4/25/2017,183.600006,188,179.5,187.300003,187.300003
4/26/2017,198,205.600006,196.800003,203,203
4/27/2017,195.800003,203.899994,194,199,199
4/28/2017,207,209.5,204.199997,205.199997,205.199997
5/1/2017,203.100006,205.899994,191.199997,197.100006,197.100006
5/2/2017,197.399994,204.699997,187.699997,189.300003,189.300003
5/3/2017,190,197.300003,188.399994,193.800003,193.800003
5/4/2017,195.800003,196.5,185.100006,190.899994,190.899994
5/5/2017,197,204.699997,195,202.699997,202.699997
5/8/2017,186.600006,188.800003,180.300003,187.199997,187.199997
5/9/2017,190.899994,197.899994,189.199997,193.899994,193.899994
5/10/2017,202,216,199.699997,204.800003,204.800003
5/11/2017,213.399994,223.699997,210,220,220
5/12/2017,224.300003,230.5,223,226.300003,226.300003
5/15/2017,216.199997,219.899994,214.5,217.199997,217.199997
5/16/2017,202,204.300003,192.399994,194.300003,194.300003
5/17/2017,190.899994,192.300003,184.399994,190.899994,190.899994
5/18/2017,191.100006,194.600006,184.199997,189,189
5/19/2017,196,203.300003,194.600006,199.5,199.5
5/22/2017,209,213.699997,207.199997,211.300003,211.300003
5/23/2017,210.199997,211.5,191.100006,194.5,194.5
5/24/2017,187.199997,196.300003,186.300003,189.100006,189.100006
5/25/2017,194.199997,194.300003,180.100006,187.300003,187.300003
5/26/2017,191.100006,194.800003,181.699997,189.899994,189.899994
5/30/2017,169,169.300003,163,164.5,164.5
5/31/2017,158.5,158.899994,150.300003,152.699997,152.699997
6/1/2017,152.800003,153.5,139.600006,148,148
6/2/2017,144.600006,146,140.100006,141.800003,141.800003
6/5/2017,140.300003,144.199997,137,138.699997,138.699997
6/6/2017,146.5,148.399994,143.199997,147.899994,147.899994
6/7/2017,152.5,152.699997,142.399994,143.300003,143.300003
6/8/2017,145.100006,150.399994,138.100006,145.100006,145.100006
6/9/2017,146.199997,148.399994,145,146.5,146.5
6/12/2017,150.100006,151.199997,141.100006,141.800003,141.800003
6/13/2017,144,144,133.600006,134.800003,134.800003
6/14/2017,131.699997,137.5,129.600006,130.5,130.5
6/15/2017,130.600006,147.5,129.100006,145.399994,145.399994
6/16/2017,144.5,147.199997,141.600006,142,142
6/19/2017,125.199997,127.5,123.5,124.199997,124.199997
6/20/2017,123.5,126.199997,123.099998,124.800003,124.800003
6/21/2017,127.800003,129.600006,121.5,123.699997,123.699997
6/22/2017,124.599998,131.899994,118.800003,124,124
6/23/2017,126.800003,129.399994,126.400002,128.100006,128.100006
6/26/2017,139.600006,144,136.699997,142.800003,142.800003
6/27/2017,140.699997,145.600006,139.399994,141.699997,141.699997
6/28/2017,147.399994,148.800003,145,145.399994,145.399994
6/29/2017,146.600006,151,138.899994,140.800003,140.800003
6/30/2017,136.5,139.699997,130.600006,138.199997,138.199997
7/3/2017,137.600006,140.899994,127.800003,131.100006,131.100006
7/5/2017,121.599998,122.400002,112,114.900002,114.900002
7/6/2017,116.400002,119.199997,115.599998,118.800003,118.800003
7/7/2017,124.800003,125,113.599998,115.300003,115.300003
7/10/2017,123.400002,125.5,121.5,122.400002,122.400002
7/11/2017,130.199997,138.899994,130.199997,136.199997,136.199997
7/12/2017,130.899994,133.899994,127.699997,131.399994,131.399994
7/13/2017,125.699997,134,125.400002,127.699997,127.699997
7/14/2017,126,131,125.599998,129.300003,129.300003
7/17/2017,133.5,137.5,131.600006,134.600006,134.600006
7/18/2017,142.199997,143.300003,138.899994,141.5,141.5
7/19/2017,142.399994,144.199997,139.600006,140.800003,140.800003
7/20/2017,142.899994,146,134,136.199997,136.199997
7/21/2017,135.199997,135.800003,123.199997,126,126
7/24/2017,123.199997,125.099998,115.300003,117.900002,117.900002
7/25/2017,122.099998,123.699997,120.800003,123.199997,123.199997
7/26/2017,121.599998,122.300003,117.5,122.199997,122.199997
7/27/2017,122.099998,130.600006,121.300003,126.800003,126.800003
7/28/2017,128.5,129.699997,123.699997,125,125
7/31/2017,113.800003,114.300003,104.699997,108.699997,108.699997
8/1/2017,104,109.5,102.199997,108.599998,108.599998
8/2/2017,107.800003,110.699997,107.099998,108,108
8/3/2017,109.699997,111.599998,105.5,105.699997,105.699997
8/4/2017,105.199997,106,102.800003,104.699997,104.699997
8/7/2017,104.800003,107.5,104.300003,106.699997,106.699997
8/8/2017,105.599998,109.300003,104.400002,107.800003,107.800003
8/9/2017,113.900002,117.300003,113,115.099998,115.099998
8/10/2017,117.599998,128.699997,116,126.599998,126.599998
8/11/2017,126.599998,128,125.599998,126.5,126.5
8/14/2017,126.800003,127,119.5,124.199997,124.199997
8/15/2017,122,123.800003,120.099998,120.800003,120.800003
8/16/2017,116.5,120.800003,115.199997,116.900002,116.900002
8/17/2017,115,121.900002,112,119.5,119.5
8/18/2017,118.099998,119.300003,115.800003,117.300003,117.300003
8/21/2017,115.800003,126.599998,114.400002,124.300003,124.300003
8/22/2017,126.800003,127,119.400002,121.400002,121.400002
8/23/2017,118.800003,121.400002,117.099998,120.400002,120.400002
8/24/2017,122.800003,126.599998,121,123,123
8/25/2017,118.599998,119.099998,114.699997,116.699997,116.699997
8/28/2017,112.5,124.5,112,120.199997,120.199997
8/29/2017,122.300003,123.099998,118,121.400002,121.400002
8/30/2017,117.5,119,116.199997,117.900002,117.900002
8/31/2017,114.800003,129.800003,114.5,127.099998,127.099998
9/1/2017,125.900002,135.300003,125.099998,131.800003,131.800003
9/5/2017,121,123.199997,120.199997,121.300003,121.300003
9/6/2017,125.699997,126.400002,121.5,124.599998,124.599998
9/7/2017,125.699997,125.699997,120,121.699997,121.699997
9/8/2017,115.300003,116.099998,110,111.800003,111.800003
9/11/2017,115.5,117.300003,113.900002,116.599998,116.599998
9/12/2017,124.900002,127.800003,122.099998,122.699997,122.699997
9/13/2017,129.399994,131.699997,127.900002,128.5,128.5
9/14/2017,127,134.600006,126.300003,130.5,130.5
9/15/2017,126,127.800003,123.300003,126.400002,126.400002
9/18/2017,136.100006,140,135.100006,139.100006,139.100006
9/19/2017,139.199997,139.899994,135.100006,135.600006,135.600006
9/20/2017,137,138.5,131.199997,132,132
9/21/2017,125.699997,125.900002,114.800003,116.599998,116.599998
9/22/2017,116.5,118.400002,115.900002,116.199997,116.199997
9/25/2017,114.699997,116.599998,111.800003,113.5,113.5
9/26/2017,115.400002,115.699997,111.300003,113.599998,113.599998
9/27/2017,121.599998,122.5,119.699997,121.199997,121.199997
9/28/2017,117.800003,123.5,114,116.900002,116.900002
9/29/2017,114.199997,117.199997,113.699997,115.900002,115.900002
10/2/2017,106.599998,106.800003,101.5,105.5,105.5
10/3/2017,102.800003,105.099998,101.800003,102.800003,102.800003
10/4/2017,107.800003,109.199997,105.5,106.5,106.5
10/5/2017,108.5,112.099998,102,102.400002,102.400002
10/6/2017,102.400002,103.099998,97.699997,99.300003,99.300003
10/9/2017,99.099998,99.199997,94.900002,95.800003,95.800003
10/10/2017,99,101.099998,98.599998,100.300003,100.300003
10/11/2017,106.699997,106.800003,100,101.800003,101.800003
10/12/2017,104.699997,110.599998,104,108.300003,108.300003
10/13/2017,111.800003,112.599998,108.599998,109.900002,109.900002
10/16/2017,102.400002,107.099998,101.800003,106.099998,106.099998
10/17/2017,109.599998,112.199997,104,104,104
10/18/2017,102.300003,103,100,102.300003,102.300003
10/19/2017,100.5,104.900002,95.400002,103.300003,103.300003
10/20/2017,102.699997,106.5,101.300003,103.599998,103.599998
10/23/2017,109.800003,111.099998,106.900002,107.400002,107.400002
10/24/2017,107.800003,108.800003,105.5,108.800003,108.800003
10/25/2017,103.300003,106.199997,101.5,103.199997,103.199997
10/26/2017,99,101.5,98.300003,99.199997,99.199997
10/27/2017,91.800003,92.400002,88.800003,91.099998,91.099998
10/30/2017,91.800003,94.099998,90.199997,92.300003,92.300003
10/31/2017,88.199997,88.5,83.099998,85.300003,85.300003
11/1/2017,80.800003,85.099998,80.800003,85,85
11/2/2017,85.900002,89.400002,85,87.800003,87.800003
11/3/2017,91.5,92.900002,90.199997,91.800003,91.800003
11/6/2017,100.099998,106.400002,99.199997,103.400002,103.400002
11/7/2017,104,109.900002,102,107.800003,107.800003
11/8/2017,110,111.099998,107.5,108,108
11/9/2017,113.199997,113.800003,108.699997,113.599998,113.599998
11/10/2017,112.5,114.300003,110.099998,113.800003,113.800003
11/13/2017,109.199997,114.900002,105.300003,106.800003,106.800003
11/14/2017,100.099998,103.800003,99.199997,100.900002,100.900002
11/15/2017,104.300003,107,98.199997,100.900002,100.900002
11/16/2017,103,103,97.800003,99.900002,99.900002
11/17/2017,101.5,104.400002,99.800003,103.599998,103.599998
11/20/2017,96.599998,99.199997,95.900002,96.599998,96.599998
11/21/2017,96.599998,98.599998,93.900002,94.400002,94.400002
11/22/2017,90.300003,92.300003,89,89.800003,89.800003
11/24/2017,84.300003,84.5,76,78,78
11/27/2017,83,86.5,82.5,85.900002,85.900002
11/28/2017,91.199997,96.400002,91,94.300003,94.300003
11/29/2017,101.300003,101.400002,96.699997,98.400002,98.400002
11/30/2017,90.099998,90.800003,83.199997,86,86
12/1/2017,89.400002,91.5,87,87.699997,87.699997
12/4/2017,85.800003,85.800003,78.599998,80.599998,80.599998
12/5/2017,74.5,76.800003,72.400002,75.400002,75.400002
12/6/2017,77.400002,77.400002,73.5,75,75
12/7/2017,68.5,68.800003,62.599998,63.900002,63.900002
12/8/2017,65.400002,65.800003,63.200001,64.5,64.5
12/11/2017,67.699997,68.699997,65.5,65.900002,65.900002
12/12/2017,67.800003,68.199997,56.799999,58,58
12/13/2017,58.599998,61.5,55.599998,58.400002,58.400002
12/14/2017,57.799999,59,54.700001,58,58
12/15/2017,57.299999,58,51.299999,53.799999,53.799999
12/18/2017,60.200001,62.5,59.400002,60,60
12/19/2017,60,61.700001,56.400002,57.700001,57.700001
12/20/2017,53.639999,56.080002,51.5,53.419998,53.419998
12/21/2017,51.919998,54.34,49.720001,50.919998,50.919998
12/22/2017,52.66,54.580002,52.360001,54.290001,54.290001
12/26/2017,54.639999,56.66,52.68,53.189999,53.189999
12/27/2017,59.049999,59.650002,57.02,58.82,58.82
12/28/2017,67.559998,72.150002,66.959999,70.690002,70.690002
12/29/2017,75.099998,76.93,70.629997,72.75,72.75
1/2/2018,81,81.440002,74.610001,79.330002,79.330002
1/3/2018,76.940002,77.949997,73,75.949997,75.949997
1/4/2018,76.459999,79.059998,64.080002,66.629997,66.629997
1/5/2018,60.349998,62.200001,59.310001,61.139999,61.139999
1/8/2018,63.279999,64.669998,60.400002,62.810001,62.810001
1/9/2018,64.800003,72.489998,63,71.239998,71.239998
1/10/2018,71.919998,73,65.419998,67.980003,67.980003
1/11/2018,74.559998,77.769997,71.099998,76.68,76.68
1/12/2018,77.269997,84.010002,76.879997,82.040001,82.040001
1/16/2018,77.68,82.050003,74.68,79.620003,79.620003
1/17/2018,84.18,87.150002,82.18,86,86
1/18/2018,84.190002,84.459999,75.900002,83.080002,83.080002
1/19/2018,81.230003,83.699997,77.849998,79.220001,79.220001
1/22/2018,77.120003,79.379997,76.559998,79.199997,79.199997
1/23/2018,86.260002,94.519997,84.709999,89.75,89.75
1/24/2018,90.870003,94.809998,85.5,87.529999,87.529999
1/25/2018,93.360001,98.220001,90.089996,92.400002,92.400002
1/26/2018,98.190002,100.75,97.400002,98.309998,98.309998
1/29/2018,90.760002,99.82,90.300003,99.019997,99.019997
1/30/2018,101.519997,105.660004,97.650002,98.599998,98.599998
1/31/2018,87.389999,88.18,78.739998,79.620003,79.620003
2/1/2018,74.769997,76.089996,69,72.349998,72.349998
2/2/2018,70.260002,72.010002,69.309998,71.07,71.07
2/5/2018,66.150002,66.660004,61.700001,62.900002,62.900002
2/6/2018,59.889999,63.869999,59.799999,63.150002,63.150002
2/7/2018,59.810001,61.580002,58.450001,59.099998,59.099998
2/8/2018,61.02,62.700001,58.279999,58.880001,58.880001
2/9/2018,55.25,55.5,51.740002,53.75,53.75
2/12/2018,51.110001,52.349998,50.810001,51.66,51.66
2/13/2018,53.959999,55.34,53.110001,53.970001,53.970001
2/14/2018,51.959999,54.860001,51.700001,54.5,54.5
2/15/2018,52.330002,54.77,51.669998,53.5,53.5
2/16/2018,51.959999,52.810001,51.549999,52.200001,52.200001
2/20/2018,55.5,56.220001,54.619999,55.700001,55.700001
2/21/2018,57.049999,58.099998,55.709999,56.599998,56.599998
2/22/2018,56.41,57.400002,55.029999,55.41,55.41
2/23/2018,54.73,56.299999,53.439999,56.029999,56.029999
2/26/2018,57.810001,57.970001,54.450001,57.200001,57.200001
2/27/2018,55.200001,58.099998,55.16,57.330002,57.330002
2/28/2018,57.77,58.5,55.700001,56.200001,56.200001
3/1/2018,57.380001,59.84,56.119999,57.580002,57.580002
3/2/2018,58.220001,59.009998,57.580002,58.650002,58.650002
3/5/2018,58.380001,58.959999,57.110001,58.360001,58.360001
3/6/2018,60.509998,61.599998,59.549999,61.52,61.52
3/7/2018,63.34,63.75,62.5,63.529999,63.529999
3/8/2018,62.889999,63,60.290001,61.18,61.18
3/9/2018,60.049999,60.849998,59.529999,59.700001,59.700001
3/12/2018,62.950001,64.410004,62.380001,63.25,63.25
3/13/2018,63.599998,63.799999,62.52,63.549999,63.549999
3/14/2018,59.549999,60.470001,58.580002,60.400002,60.400002
3/15/2018,60.73,60.849998,55.91,57.110001,57.110001
3/16/2018,56.57,57.91,56.32,57.759998,57.759998
3/19/2018,54.84,55.360001,54.360001,55.099998,55.099998
3/20/2018,55.990002,57.310001,55.049999,56.209999,56.209999
3/21/2018,57.029999,57.580002,53.880001,54.5,54.5
3/22/2018,54.450001,55.93,53.07,53.130001,53.130001
3/23/2018,51.619999,53.27,51.59,51.830002,51.830002
3/26/2018,53.119999,54.669998,52.77,54.349998,54.349998
3/27/2018,55.220001,57.25,54.02,56.689999,56.689999
3/28/2018,56,56.599998,55.310001,56.119999,56.119999
3/29/2018,59.099998,59.889999,57.599998,58.080002,58.080002
4/2/2018,54.369999,54.93,52.75,54.150002,54.150002
4/3/2018,55.130001,56.25,54.880001,55.639999,55.639999
4/4/2018,57.66,58.669998,55.880001,56.380001,56.380001
4/5/2018,55.709999,56.209999,53.25,54.450001,54.450001
4/6/2018,55.950001,56.299999,55.330002,55.619999,55.619999
4/9/2018,55.139999,55.93,52.049999,55.549999,55.549999
4/10/2018,53.32,53.759998,52.439999,53.240002,53.240002
4/11/2018,54.400002,54.790001,53.540001,53.779999,53.779999
4/12/2018,54.52,55.130001,53.200001,54.700001,54.700001
4/13/2018,57.25,58.66,57.009998,57.43,57.43
4/16/2018,58.900002,59.880001,58.23,58.43,58.43
4/17/2018,58.130001,59.029999,57.549999,57.66,57.66
4/18/2018,59.700001,60.650002,57.189999,57.889999,57.889999
4/19/2018,54.709999,57.200001,52.959999,53.73,53.73
4/20/2018,54.48,57.560001,54.32,57.200001,57.200001
4/23/2018,56.639999,58.299999,56.560001,57.630001,57.630001
4/24/2018,58.810001,60.23,58.549999,59.950001,59.950001
4/25/2018,59.169998,60.139999,58.27,60.110001,60.110001
4/26/2018,60,62.049999,59.759998,60.98,60.98
4/27/2018,58.650002,58.799999,57.200001,57.369999,57.369999
4/30/2018,55.650002,57.220001,54.73,57.040001,57.040001
5/1/2018,59.580002,60.16,57.619999,59.139999,59.139999
5/2/2018,57.119999,57.400002,55.75,56.400002,56.400002
5/3/2018,54.549999,55.049999,53.02,55.040001,55.040001
5/4/2018,54.799999,55.060001,53.150002,54.02,54.02
5/7/2018,56.119999,56.720001,54.720001,55.080002,55.080002
5/8/2018,55.32,55.77,53.360001,55.189999,55.189999
5/9/2018,54.98,56.119999,54.57,54.900002,54.900002
5/10/2018,56.599998,59.610001,55.900002,59.040001,59.040001
5/11/2018,58.880001,59.57,58.080002,59.450001,59.450001
5/14/2018,58.900002,61.419998,58.860001,60.740002,60.740002
5/15/2018,62.040001,62.25,60.200001,60.689999,60.689999
5/16/2018,60.139999,60.619999,59.330002,59.610001,59.610001
5/17/2018,58.639999,63.099998,58.259998,62.299999,62.299999
5/18/2018,62.610001,63.900002,61.75,61.82,61.82
5/21/2018,62.009998,62.299999,60.299999,61.259998,61.259998
5/22/2018,63.560001,66.449997,63.080002,65.75,65.75
5/23/2018,67,68.620003,66.760002,67.529999,67.529999
5/24/2018,66.940002,68.75,66.5,68.370003,68.370003
5/25/2018,69.440002,70,66.419998,67.860001,67.860001
5/29/2018,63.740002,64.080002,61.119999,63.610001,63.610001
5/30/2018,62.169998,63.360001,61.84,62.810001,62.810001
5/31/2018,65.470001,69.07,65.470001,67.059998,67.059998
6/1/2018,67.139999,68.5,65.959999,68.150002,68.150002
6/4/2018,66.599998,67.510002,65,65.220001,65.220001
6/5/2018,62.389999,63.75,62.189999,62.75,62.75
6/6/2018,63.41,63.869999,61.77,63.470001,63.470001
6/7/2018,66.769997,67.75,64.910004,65.339996,65.339996
6/8/2018,62.369999,63.630001,61.73,63.09,63.09
6/11/2018,66.620003,66.93,65.099998,65.93,65.93
6/12/2018,65.839996,66.150002,64.160004,65.599998,65.599998
6/13/2018,66.349998,67.790001,66.32,66.360001,66.360001
6/14/2018,66.690002,67.900002,64.830002,67.57,67.57
6/15/2018,69.620003,71.800003,69.540001,71.760002,71.760002
6/18/2018,69.199997,70.18,66.559998,67.5,67.5
6/19/2018,64.75,64.809998,62.77,64.370003,64.370003
6/20/2018,67.239998,67.769997,66.5,67.589996,67.589996
6/21/2018,69.559998,70.349998,66.260002,68.129997,68.129997
6/22/2018,65.809998,66.940002,64.82,66.169998,66.169998
6/25/2018,63.869999,65.139999,63.439999,65.120003,65.120003
6/26/2018,64.169998,66.050003,63.419998,65.82,65.82
6/27/2018,68.669998,69.699997,66.839996,68.709999,68.709999
6/28/2018,70,71.209999,65.120003,66.400002,66.400002
6/29/2018,65.139999,66,63.849998,64.769997,64.769997
7/2/2018,61.02,61.27,60.009998,60.75,60.75
7/3/2018,60.57,63.220001,60.57,62.349998,62.349998
7/5/2018,60.130001,60.25,58.66,58.66,58.66
7/6/2018,58.900002,60.509998,58.360001,60.240002,60.240002
7/9/2018,59.209999,59.540001,57.75,58.560001,58.560001
7/10/2018,58.189999,58.27,55.68,55.709999,55.709999
7/11/2018,57.68,58.5,56.849998,58.009998,58.009998
7/12/2018,57.290001,58.25,56.029999,56.59,56.59
7/13/2018,55.470001,55.48,53.810001,54.549999,54.549999
7/16/2018,54.130001,55,53.220001,54.459999,54.459999
7/17/2018,54.290001,54.41,52.5,52.700001,52.700001
7/18/2018,52.82,53,51.77,52.439999,52.439999
7/19/2018,51.18,54.880001,50.779999,54.450001,54.450001
7/20/2018,55.25,55.290001,53.799999,53.959999,53.959999
7/23/2018,52.25,52.48,51.650002,51.919998,51.919998
7/24/2018,52.580002,53.740002,52.310001,53.740002,53.740002
7/25/2018,55.580002,55.779999,54.919998,55.5,55.5
7/26/2018,55.560001,56.900002,55.18,55.77,55.77
7/27/2018,57.169998,58.009998,56.77,57.169998,57.169998
7/30/2018,56.91,59.139999,56.200001,58.200001,58.200001
7/31/2018,59.98,60.110001,56.619999,57.110001,57.110001
8/1/2018,56.189999,57.18,55.450001,55.799999,55.799999
8/2/2018,55.720001,59.880001,55.610001,59,59
8/3/2018,61,62.080002,60.380001,61.060001,61.060001
8/6/2018,60.990002,62.049999,60.740002,61.799999,61.799999
8/7/2018,63.240002,64.580002,63.200001,64.279999,64.279999
8/8/2018,66.849998,67.989998,66.470001,67.410004,67.410004
8/9/2018,67.800003,68.540001,66.580002,67.760002,67.760002
8/10/2018,66.019997,67.699997,65.800003,67.400002,67.400002
8/13/2018,66.050003,67.650002,66.050003,66.629997,66.629997
8/14/2018,67.980003,69.489998,67.809998,68.290001,68.290001
8/15/2018,67.82,68.370003,67.080002,67.279999,67.279999
8/16/2018,67.720001,67.82,64.110001,65.199997,65.199997
8/17/2018,67.779999,68.800003,67.209999,67.5,67.5
8/20/2018,66.860001,67.400002,66.160004,67.019997,67.019997
8/21/2018,67.830002,69.160004,66.910004,68.830002,68.830002
8/22/2018,67.360001,68.050003,66.879997,67.470001,67.470001
8/23/2018,67.089996,68.720001,65.959999,67.900002,67.900002
8/24/2018,66.279999,66.57,64.720001,64.720001,64.720001
8/27/2018,62.860001,63.43,61.779999,61.93,61.93
8/28/2018,61.310001,61.470001,59.75,60.599998,60.599998
8/29/2018,61.32,62.389999,59.779999,62.189999,62.189999
8/30/2018,62.779999,63.150002,60.360001,62.970001,62.970001
8/31/2018,65.440002,66,64.279999,65.139999,65.139999
9/4/2018,60.32,62.23,58.220001,58.540001,58.540001
9/5/2018,59.209999,59.310001,56.560001,57.119999,57.119999
9/6/2018,56.869999,57.049999,55.330002,56.16,56.16
9/7/2018,55.16,56.259998,54.950001,56.139999,56.139999
9/10/2018,54.700001,58.189999,54.599998,57.700001,57.700001
9/11/2018,57.18,59.439999,56.43,59.07,59.07
9/12/2018,60.799999,61.049999,58.299999,58.73,58.73
9/13/2018,59.639999,60.189999,57.41,57.639999,57.639999
9/14/2018,56.07,56.07,54.669998,54.93,54.93
9/17/2018,55.959999,57.43,55.799999,56.389999,56.389999
9/18/2018,57.790001,63.77,57.48,62.799999,62.799999
9/19/2018,63.130001,64.18,62.169998,62.25,62.25
9/20/2018,64.010002,68.699997,62.299999,66.830002,66.830002
9/21/2018,67.980003,69.199997,67.709999,68.900002,68.900002
9/24/2018,69.849998,73,69.839996,72.900002,72.900002
9/25/2018,72.239998,74.82,72.239998,73.779999,73.779999
9/26/2018,73.300003,74.870003,67.900002,68.800003,68.800003
9/27/2018,70.849998,77.849998,70.599998,73.919998,73.919998
9/28/2018,70.559998,71.080002,68.459999,70.519997,70.519997
10/1/2018,74.43,78.139999,74.419998,77.779999,77.779999
10/2/2018,78.559998,84.220001,77.919998,81.449997,81.449997
10/3/2018,83.879997,89.370003,83.760002,88.489998,88.489998
10/4/2018,88.440002,88.519997,79,83.419998,83.419998
10/5/2018,84.989998,85,77.580002,80.769997,80.769997
10/8/2018,87.699997,91.400002,87.519997,89.650002,89.650002
10/9/2018,90.57,92.389999,87.330002,90.790001,90.790001
10/10/2018,94.5,96.889999,89.379997,90.050003,90.050003
10/11/2018,85.459999,88.870003,82.709999,88.190002,88.190002
10/12/2018,86.040001,86.190002,81.059998,82.07,82.07
10/15/2018,87.739998,90.349998,86.339996,90.139999,90.139999
10/16/2018,88.959999,91.300003,86.949997,89.080002,89.080002
10/17/2018,92.110001,95.449997,89.150002,94.889999,94.889999
10/18/2018,89.959999,90.43,83.830002,86.389999,86.389999
10/19/2018,85.080002,89.510002,85,88.019997,88.019997
10/22/2018,81.900002,84.330002,80.290001,80.760002,80.760002
10/23/2018,84.720001,88.279999,84.029999,86.400002,86.400002
10/24/2018,87.900002,88.279999,81.099998,83.400002,83.400002
10/25/2018,83.440002,86.5,80.120003,82.610001,82.610001
10/26/2018,77.059998,83.699997,75.75,83.199997,83.199997
10/29/2018,75.580002,80.050003,74.93,79.099998,79.099998
10/30/2018,83.300003,83.5,77.400002,80.599998,80.599998
10/31/2018,82.849998,87,80.480003,86.279999,86.279999
11/1/2018,85.559998,86.779999,80.970001,83.480003,83.480003
11/2/2018,78.540001,88.290001,78.449997,86.790001,86.790001
11/5/2018,105.449997,109.099998,102.540001,107.699997,107.699997
11/6/2018,108.010002,109.68,105.239998,105.910004,105.910004
11/7/2018,105.040001,107.699997,101.769997,104.879997,104.879997
11/8/2018,106.239998,108.5,102.82,107.639999,107.639999
11/9/2018,117.610001,131.110001,117.489998,121.919998,121.919998
11/12/2018,128.300003,138.570007,124.239998,138.419998,138.419998
11/13/2018,145.259995,164.660004,145.199997,158.639999,158.639999
11/14/2018,200.100006,260.230011,196.199997,253.100006,253.100006
11/15/2018,175.399994,179.470001,105.099998,110.300003,110.300003
11/16/2018,129.830002,153.5,126.519997,151.169998,151.169998
11/19/2018,167.880005,193.990005,159.050003,170.740005,170.740005
11/20/2018,160.410004,170.119995,132.059998,164.130005,164.130005
11/21/2018,171.059998,187.770004,153.5,157.940002,157.940002
11/23/2018,153.740005,170.199997,153.5,158.619995,158.619995
11/26/2018,124.639999,142,122.589996,136.210007,136.210007
11/27/2018,129.800003,143.089996,124.029999,131.960007,131.960007
11/28/2018,150.600006,179.979996,144.539993,173.520004,173.520004
11/29/2018,162.800003,173.320007,150.020004,164.509995,164.509995
11/30/2018,166.660004,172.419998,152.710007,167.619995,167.619995
12/3/2018,136.880005,144.160004,128.070007,138,138
12/4/2018,154.949997,158.720001,147.850006,152.259995,152.259995
12/6/2018,134.860001,143.100006,130.880005,139.979996,139.979996
12/7/2018,142.610001,159,142.5,154.289993,154.289993
12/10/2018,150.970001,167.820007,145.679993,152.419998,152.419998
12/11/2018,147.440002,148.479996,137.580002,139.199997,139.199997
12/12/2018,124,129.869995,115.050003,116.839996,116.839996
12/13/2018,130.300003,132.339996,114.669998,118,118
12/14/2018,103.519997,104.25,91.860001,91.860001,91.860001
12/17/2018,85.040001,85.400002,70.099998,72.639999,72.639999
12/18/2018,81.029999,89.889999,79.309998,87.080002,87.080002
12/19/2018,73.089996,85.5,70.360001,81.870003,81.870003
12/20/2018,88.629997,90.120003,73.769997,81.25,81.25
12/21/2018,80.040001,89.150002,77.790001,81.580002,81.580002
12/24/2018,71.07,75.349998,69.120003,73.540001,73.540001
12/26/2018,62.990002,69,60.029999,64.510002,64.510002
12/27/2018,65.540001,72.830002,62.599998,68.639999,68.639999
12/28/2018,61.169998,63.889999,56.279999,57.82,57.82
12/31/2018,48.02,48.349998,38.799999,40.310001,40.310001
1/2/2019,38.040001,40.75,37.5,39.169998,39.169998
1/3/2019,38.080002,39.5,36.610001,37.939999,37.939999
1/4/2019,40.5,42.880001,37.799999,41.860001,41.860001
1/7/2019,39.150002,40.669998,37.799999,38.48,38.48
1/8/2019,41.779999,42.709999,39.25,40.080002,40.080002
1/9/2019,39.459999,41.25,38.630001,40.740002,40.740002
1/10/2019,41.990002,43,39.09,40.099998,40.099998
1/11/2019,42.130001,47.169998,41.43,45.990002,45.990002
1/14/2019,54.220001,62,54.18,60.77,60.77
1/15/2019,60.799999,62.23,56.209999,57.400002,57.400002
1/16/2019,64.610001,65.440002,52.150002,54.650002,54.650002
1/17/2019,59.720001,60.049999,53.400002,54.939999,54.939999
1/18/2019,49.970001,58.799999,49.720001,55.560001,55.560001
1/22/2019,47.939999,49.439999,44,44.68,44.68
1/23/2019,46.43,46.990002,40.599998,43.040001,43.040001
1/24/2019,45,47.130001,43.549999,46.09,46.09
1/25/2019,43.73,48.990002,43.709999,48.209999,48.209999
1/28/2019,40.029999,41.23,38.310001,39.48,39.48
1/29/2019,37.5,40.880001,37,39.959999,39.959999
1/30/2019,38.939999,39.75,37.799999,38.57,38.57
1/31/2019,39.07,39.25,36.099998,37.32,37.32
2/1/2019,35.610001,36.23,33.310001,33.580002,33.580002
2/4/2019,31.27,31.950001,30.620001,30.83,30.83
2/5/2019,31.370001,32.360001,30.58,31.629999,31.629999
2/6/2019,31,32.040001,30.4,31.190001,31.190001
2/7/2019,29.66,29.74,26.85,27.48,27.48
2/8/2019,28,28.889999,27.08,28.68,28.68
2/11/2019,31.48,31.66,29.629999,29.959999,29.959999
2/12/2019,29.950001,31.530001,29.719999,30.559999,30.559999
2/13/2019,28.4,29.530001,27.969999,28.620001,28.620001
2/14/2019,28.43,28.99,27.719999,27.85,27.85
2/15/2019,28.65,29.309999,27.870001,29.23,29.23
2/19/2019,29.299999,30.73,29.110001,30.389999,30.389999
2/20/2019,31,31.200001,29.559999,29.940001,29.940001
2/21/2019,30.85,31.690001,30.49,31.57,31.57
2/22/2019,31,32.279999,30.98,31.549999,31.549999
2/25/2019,33.5,34.880001,32.73,34.52,34.52
2/26/2019,35.470001,35.669998,32.75,33.189999,33.189999
2/27/2019,32.880001,34.439999,32.540001,34.360001,34.360001
2/28/2019,35.34,35.689999,33.68,34.32,34.32
3/1/2019,36.5,36.68,35.169998,35.82,35.82
3/4/2019,35.830002,36.549999,35.419998,36.080002,36.080002
3/5/2019,36.450001,37.450001,35.66,37.34,37.34
3/6/2019,36.5,36.700001,34.860001,35.82,35.82
3/7/2019,35.98,36.75,34.91,36.470001,36.470001
3/8/2019,36.77,37.009998,36.220001,36.349998,36.349998
3/11/2019,33.869999,33.990002,32.91,33.25,33.25
3/12/2019,33.169998,33.990002,32.619999,33.849998,33.849998
3/13/2019,34.169998,35.099998,34.169998,34.860001,34.860001
3/14/2019,35.48,35.860001,34.950001,35.52,35.52
3/15/2019,34.740002,34.880001,33.5,33.610001,33.610001
3/18/2019,34.830002,35.77,34.759998,35.349998,35.349998
3/19/2019,35.91,36.209999,35.41,35.779999,35.779999
3/20/2019,34.93,35.02,34.110001,34.91,34.91
3/21/2019,33.799999,34.669998,33.549999,34.459999,34.459999
3/22/2019,32.75,32.849998,32.110001,32.580002,32.580002
3/25/2019,31.77,32.950001,31.77,32.490002,32.490002
3/26/2019,32.169998,32.400002,31.6,31.700001,31.700001
3/27/2019,30.18,31.02,29.68,30.860001,30.860001
3/28/2019,30.610001,31.24,30.25,30.719999,30.719999
3/29/2019,29.450001,29.809999,28.610001,28.98,28.98
